Device_Name,Category,File_Path,Window_Count,Level1_Sparsity,Level1_Mean_Intensity,Level1_CV,Level2_Sparsity,Level2_Mean_Intensity,Level2_CV,Level3_Sparsity,Level3_Mean_Intensity,Level3_CV,Level4_Sparsity,Level4_Mean_Intensity,Level4_CV,Routing_Sparsity,All_Levels_Zero_Ratio,Cluster,Label,Model,Previous_Label,Previous_Model,Model_Changed
设备0,S5300_S5328C-EI,/Users/leopold/Developer/fault-forecast/Time-Series-Library/dataset/fault/S5300_S5328C-EI/设备0/window_60_data2.csv,10204,0.9890239121912975,0.013132105056840454,10.120602667407015,0.9984319874558997,0.0022540180321442573,27.409483270519704,0.9997059976479812,0.00029400235201881614,58.312377188152226,0.9797138377107016,0.04606036848294787,8.640826587222845,0.9917189337514699,0.9770678165425324,0,Sparse,PatchTST,Intermittent,iTransformer,True
设备1,S5300_S5328C-EI,/Users/leopold/Developer/fault-forecast/Time-Series-Library/dataset/fault/S5300_S5328C-EI/设备1/window_60_data2.csv,10204,0.9862798902391219,0.027538220305762445,9.546717543661895,0.9983339866718933,0.0017640141121128968,25.07741101489299,0.9991179929439435,0.0009800078400627205,34.97827897424343,0.9981379851038809,0.001862014896119169,23.152810446659547,0.99546746373971,0.9843198745589965,0,Sparse,PatchTST,Sparse,PatchTST,False
设备2,S5300_S5328C-EI,/Users/leopold/Developer/fault-forecast/Time-Series-Library/dataset/fault/S5300_S5328C-EI/设备2/window_60_data2.csv,10204,0.9783418267346139,0.04351234809878479,7.8571368490264435,0.9990199921599373,0.0009800078400627205,31.9280440991928,0.9979419835358683,0.002058016464131713,22.020553169817557,0.9889259114072912,0.011368090944727557,9.566371192272815,0.9910574284594276,0.9715797726381811,0,Sparse,PatchTST,Intermittent,iTransformer,True
设备3,S5300_S5328C-EI,/Users/leopold/Developer/fault-forecast/Time-Series-Library/dataset/fault/S5300_S5328C-EI/设备3/window_60_data2.csv,10204,0.998921991375931,0.0010780086240689925,30.44070241693453,1.0,0.0,0.0,0.9980399843198745,0.001960015680125441,22.56546033210934,0.9918659349274794,0.008134065072520581,11.04263370017065,0.9972069776558212,0.9896119168953351,0,Sparse,PatchTST,Intermittent,iTransformer,True
设备4,S9300_S9303,/Users/leopold/Developer/fault-forecast/Time-Series-Library/dataset/fault/S9300_S9303/设备4/window_60_data2.csv,10204,0.9962759702077617,0.014308114464915719,26.12634041253143,0.9999019992159938,9.800078400627205e-05,101.0099005048515,0.9985299882399059,0.0026460211681693453,28.71999537657914,0.9968639749117993,0.003234025872206978,18.08182097495801,0.9978929831438652,0.9940219521756174,0,Sparse,PatchTST,Sparse,PatchTST,False
设备5,S9300_S9303,/Users/leopold/Developer/fault-forecast/Time-Series-Library/dataset/fault/S9300_S9303/设备5/window_60_data2.csv,10204,0.9624656997255978,0.07026656213249706,5.994867532300187,0.999607996863975,0.0004900039200313603,53.44267957353935,0.9924539396315171,0.008232065856526851,11.983927255772848,0.9972559780478244,0.0027440219521756176,19.063802648699745,0.9879459035672286,0.9598196785574284,0,Sparse,PatchTST,Sparse,PatchTST,False
设备6,S9300_S9303,/Users/leopold/Developer/fault-forecast/Time-Series-Library/dataset/fault/S9300_S9303/设备6/window_60_data2.csv,10204,0.9833398667189337,0.026656213249705997,9.430003008875707,1.0,0.0,0.0,0.9478635829086632,0.27979223833790673,4.48695536589133,0.9976479811838495,0.002352018816150529,20.595306908775765,0.9822128577028616,0.9376715013720109,0,Sparse,PatchTST,Sparse,PatchTST,False
设备7,S5300_S5328C-EI,/Users/leopold/Developer/fault-forecast/Time-Series-Library/dataset/fault/S5300_S5328C-EI/设备7/window_60_data2.csv,10204,0.9958839670717365,0.004214033712269698,15.727035418358334,1.0,0.0,0.0,0.9910819286554292,0.027146217169737356,12.058991160652347,0.9948059584476676,0.00960407683261466,28.954350893290837,0.9954429635437083,0.9835358682869463,0,Sparse,PatchTST,Sparse,PatchTST,False
设备8,S5300_S5328C-EI,/Users/leopold/Developer/fault-forecast/Time-Series-Library/dataset/fault/S5300_S5328C-EI/设备8/window_60_data2.csv,10204,0.9968639749117993,0.004116032928263426,18.91147775637074,0.999607996863975,0.0003920031360250882,50.4975246918104,1.0,0.0,0.0,0.9955899647197177,0.012642101136809095,17.60353493025599,0.998015484123873,0.9952959623676989,0,Sparse,PatchTST,Sparse,PatchTST,False
设备9,S5300_S5328C-EI,/Users/leopold/Developer/fault-forecast/Time-Series-Library/dataset/fault/S5300_S5328C-EI/设备9/window_60_data2.csv,10204,0.9972559780478244,0.003724029792238338,20.220186835899177,1.0,0.0,0.0,1.0,0.0,0.0,0.9961779694237554,0.00862406899255194,17.75498998652175,0.998358486867895,0.9958839670717365,0,Sparse,PatchTST,Sparse,PatchTST,False
设备10,S5300_S5328C-EI,/Users/leopold/Developer/fault-forecast/Time-Series-Library/dataset/fault/S5300_S5328C-EI/设备10/window_60_data2.csv,10204,0.9811838494707957,0.03528028224225794,8.507679900181401,0.9992159937279498,0.0008820070560564484,37.21193887802312,0.999607996863975,0.0003920031360250882,50.4975246918104,0.9976479811838495,0.002352018816150529,20.595306908775765,0.9944139553116425,0.9799098392787142,0,Sparse,PatchTST,Sparse,PatchTST,False
设备11,S5300_S5328C-EI,/Users/leopold/Developer/fault-forecast/Time-Series-Library/dataset/fault/S5300_S5328C-EI/设备11/window_60_data2.csv,10204,0.9836338690709525,0.02675421403371227,8.611928831468896,1.0,0.0,0.0,0.9999019992159938,0.0001960015680125441,101.0099005048515,0.9976479811838495,0.002352018816150529,20.595306908775765,0.9952959623676989,0.9826538612308898,0,Sparse,PatchTST,Sparse,PatchTST,False
设备12,S9300_S9303,/Users/leopold/Developer/fault-forecast/Time-Series-Library/dataset/fault/S9300_S9303/设备12/window_60_data2.csv,10204,0.734515876127009,0.44678557428459426,2.668462437360191,0.9990199921599373,0.0009800078400627205,31.9280440991928,0.9957859662877303,0.006566052528420227,16.1371585461449,0.9945119560956488,0.0055860446883575065,13.575671666184986,0.9309584476675814,0.7315758526068209,0,Sparse,PatchTST,Intermittent,iTransformer,True
设备13,S9300_S9303,/Users/leopold/Developer/fault-forecast/Time-Series-Library/dataset/fault/S9300_S9303/设备13/window_60_data2.csv,10204,0.9968639749117993,0.0031360250882007056,17.829049329675435,1.0,0.0,0.0,0.9957859662877303,0.006860054880439044,16.29581140624041,0.9945119560956488,0.005488043904351235,13.46158555721746,0.9967904743237945,0.9906899255194042,0,Sparse,PatchTST,Intermittent,iTransformer,True
设备14,S5300_S5328C-EI,/Users/leopold/Developer/fault-forecast/Time-Series-Library/dataset/fault/S5300_S5328C-EI/设备14/window_60_data2.csv,10204,0.9884359074872598,0.014602116816934536,9.93666488970114,0.9999019992159938,9.800078400627205e-05,101.00990050485153,1.0,0.0,0.0,0.9774598196785574,0.0473343786750294,7.506183983140882,0.9914494315954527,0.9751078008624069,0,Sparse,PatchTST,Intermittent,iTransformer,True
设备15,S9300_S9303,/Users/leopold/Developer/fault-forecast/Time-Series-Library/dataset/fault/S9300_S9303/设备15/window_60_data2.csv,10204,0.9973539788318306,0.006958055664445316,28.896284173572788,1.0,0.0,0.0,0.9987259898079185,0.0013720109760878088,28.844056438662268,0.998921991375931,0.0010780086240689925,30.440702416934524,0.99875049000392,0.9965699725597805,0,Sparse,PatchTST,Sparse,PatchTST,False
设备16,S5300_S5328C-EI,/Users/leopold/Developer/fault-forecast/Time-Series-Library/dataset/fault/S5300_S5328C-EI/设备16/window_60_data2.csv,10204,0.9991179929439435,0.0009800078400627205,34.97827897424343,0.9977459819678557,0.0028420227361818894,22.81943286000594,1.0,0.0,0.0,0.997451979615837,0.002548020384163073,19.785386992968785,0.998578988631909,0.9943159545276362,0,Sparse,PatchTST,Sparse,PatchTST,False
设备17,S5300_S5328C-EI,/Users/leopold/Developer/fault-forecast/Time-Series-Library/dataset/fault/S5300_S5328C-EI/设备17/window_60_data2.csv,10204,0.9767738141905136,0.06615052920423363,7.276745530414218,0.9985299882399059,0.0014700117600940808,26.062744803006968,1.0,0.0,0.0,0.9963739709917679,0.003626029008232066,16.57660350565772,0.9929194433555468,0.9735397883183066,0,Sparse,PatchTST,Sparse,PatchTST,False
设备18,S5300_S5328C-EI,/Users/leopold/Developer/fault-forecast/Time-Series-Library/dataset/fault/S5300_S5328C-EI/设备18/window_60_data2.csv,10204,0.999607996863975,0.0005880047040376323,53.2301084391573,1.0,0.0,0.0,0.9713837710701686,0.07075656605252842,6.818234740910541,0.9961779694237554,0.00382203057624461,16.14438062116431,0.9917924343394747,0.967561740493924,0,Sparse,PatchTST,Sparse,PatchTST,False
设备19,S5300_S5328C-EI,/Users/leopold/Developer/fault-forecast/Time-Series-Library/dataset/fault/S5300_S5328C-EI/设备19/window_60_data2.csv,10204,0.9925519404155233,0.009114072912583301,12.296050368523998,0.9988239905919247,0.0011760094080752645,29.143323992525865,0.9992159937279498,0.002548020384163073,38.83899400887338,0.9864758918071345,0.018718149745197962,9.857851842484957,0.994266954135633,0.9832418659349275,0,Sparse,PatchTST,Intermittent,iTransformer,True
设备20,S5300_S5328C-EI,/Users/leopold/Developer/fault-forecast/Time-Series-Library/dataset/fault/S5300_S5328C-EI/设备20/window_60_data2.csv,10204,0.9977459819678557,0.004018032144257154,23.221702602156675,1.0,0.0,0.0,0.9988239905919247,0.0024500196001568013,33.05856621210303,0.9961779694237554,0.006664053312426499,18.6458062299649,0.9981869854958839,0.9955899647197177,0,Sparse,PatchTST,Sparse,PatchTST,False
设备21,S5300_S5328C-EI,/Users/leopold/Developer/fault-forecast/Time-Series-Library/dataset/fault/S5300_S5328C-EI/设备21/window_60_data2.csv,10204,0.9980399843198745,0.0028420227361818894,26.279097456707298,0.9991179929439435,0.0009800078400627205,34.97827897424343,1.0,0.0,0.0,0.9977459819678557,0.0022540180321442573,21.03930069924006,0.9987259898079184,0.9950019600156801,0,Sparse,PatchTST,Sparse,PatchTST,False
设备23,S5300_S5328C-EI,/Users/leopold/Developer/fault-forecast/Time-Series-Library/dataset/fault/S5300_S5328C-EI/设备23/window_60_data2.csv,10204,0.9908859270874167,0.011662093296746374,11.184804500096908,1.0,0.0,0.0,1.0,0.0,0.0,0.9938259506076048,0.006174049392395139,12.687326509878035,0.9961779694237554,0.9848098784790278,0,Sparse,PatchTST,Intermittent,iTransformer,True
设备24,S5300_S5328C-EI,/Users/leopold/Developer/fault-forecast/Time-Series-Library/dataset/fault/S5300_S5328C-EI/设备24/window_60_data2.csv,10204,0.9759898079184633,0.038612308898471184,7.442997151790501,0.9993139945119561,0.0006860054880439044,38.16692659508079,1.0,0.0,0.0,0.9937279498235986,0.006272050176401411,12.587195875174105,0.9922579380635045,0.9705017640141121,0,Sparse,PatchTST,Intermittent,iTransformer,True
设备25,S5300_S5328C-EI,/Users/leopold/Developer/fault-forecast/Time-Series-Library/dataset/fault/S5300_S5328C-EI/设备25/window_60_data2.csv,10204,0.9999019992159938,9.800078400627205e-05,101.0099005048515,1.0,0.0,0.0,1.0,0.0,0.0,0.9937279498235986,0.0063700509604076834,12.681281924261581,0.9984074872598981,0.9936299490395923,0,Sparse,PatchTST,Intermittent,iTransformer,True
设备26,S9300_S9306,/Users/leopold/Developer/fault-forecast/Time-Series-Library/dataset/fault/S9300_S9306/设备26/window_60_data2.csv,10204,0.9674637397099177,0.20031360250882008,8.861047999656842,1.0,0.0,0.0,0.9999019992159938,9.800078400627205e-05,101.0099005048515,0.9981379851038809,0.001862014896119169,23.152810446659547,0.9913759310074481,0.9663857310858487,0,Sparse,PatchTST,Sparse,PatchTST,False
设备27,S9300_S9306,/Users/leopold/Developer/fault-forecast/Time-Series-Library/dataset/fault/S9300_S9306/设备27/window_60_data2.csv,10204,0.685515484123873,1.419639357114857,1.6322691435918133,0.998921991375931,0.0012740101920815366,32.02245883473793,0.9950999607996864,0.019012152097216777,16.81056419491586,0.9979419835358683,0.002058016464131713,22.020553169817557,0.9193698549588397,0.6823794590356723,2,Dense,Informer,Sparse,PatchTST,True
设备28,S9300_S9306,/Users/leopold/Developer/fault-forecast/Time-Series-Library/dataset/fault/S9300_S9306/设备28/window_60_data2.csv,10204,0.9809878479027833,0.06017248137985104,8.204638861311938,0.9464915719325755,0.2208937671501372,4.422053043575447,0.8500588004704037,0.888671109368875,2.398415878606115,0.9980399843198745,0.001960015680125441,22.565460332109335,0.9438945511564093,0.8370246961975696,1,Intermittent,iTransformer,Sparse,PatchTST,True
设备29,S9300_S9303,/Users/leopold/Developer/fault-forecast/Time-Series-Library/dataset/fault/S9300_S9303/设备29/window_60_data2.csv,10204,0.9917679341434732,0.018914151313210507,15.235588083348901,1.0,0.0,0.0,0.9997059976479812,0.0004900039200313603,60.60066006241187,0.9979419835358683,0.002156017248137985,22.471837287466734,0.9973539788318306,0.9904939239513916,0,Sparse,PatchTST,Sparse,PatchTST,False
设备30,S9300_S9303,/Users/leopold/Developer/fault-forecast/Time-Series-Library/dataset/fault/S9300_S9303/设备30/window_60_data2.csv,10204,0.9773618188945512,0.04076832614660917,10.097048952994712,1.0,0.0,0.0,0.9781458251666013,0.12681301450411603,6.797357128734521,0.9979419835358683,0.002058016464131713,22.020553169817557,0.9883624068992553,0.9583496667973344,0,Sparse,PatchTST,Sparse,PatchTST,False
设备31,S5300_S5328C-EI,/Users/leopold/Developer/fault-forecast/Time-Series-Library/dataset/fault/S5300_S5328C-EI/设备31/window_60_data2.csv,10204,0.9964719717757742,0.004508036064288515,19.860239463087822,1.0,0.0,0.0,1.0,0.0,0.0,0.9981379851038809,0.001862014896119169,23.152810446659547,0.9986524892199138,0.994609956879655,0,Sparse,PatchTST,Sparse,PatchTST,False
设备32,S9300_S9303,/Users/leopold/Developer/fault-forecast/Time-Series-Library/dataset/fault/S9300_S9303/设备32/window_60_data2.csv,10204,0.9853978831830654,0.019894159153273226,9.939274232467572,1.0,0.0,0.0,0.9997059976479812,0.0004900039200313603,60.60066006241187,0.9979419835358683,0.002058016464131713,22.020553169817557,0.9957614660917288,0.9840258722069777,0,Sparse,PatchTST,Sparse,PatchTST,False
设备33,S5300_S5328C-EI,/Users/leopold/Developer/fault-forecast/Time-Series-Library/dataset/fault/S5300_S5328C-EI/设备33/window_60_data2.csv,10204,0.9949039592316739,0.005390043120344963,14.309668464721605,1.0,0.0,0.0,0.9994119952959624,0.002352018816150529,49.43387839663538,0.9972559780478244,0.0027440219521756176,19.063802648699745,0.9978929831438652,0.992061936495492,0,Sparse,PatchTST,Sparse,PatchTST,False
设备34,S5300_S5328C-EI,/Users/leopold/Developer/fault-forecast/Time-Series-Library/dataset/fault/S5300_S5328C-EI/设备34/window_60_data2.csv,10204,0.9919639357114857,0.009212073696589572,11.630515893748251,1.0,0.0,0.0,1.0,0.0,0.0,0.9976479811838495,0.0024500196001568013,20.971714283768026,0.9974029792238338,0.9897099176793415,0,Sparse,PatchTST,Sparse,PatchTST,False
设备35,S5300_S5328C-EI,/Users/leopold/Developer/fault-forecast/Time-Series-Library/dataset/fault/S5300_S5328C-EI/设备35/window_60_data2.csv,10204,0.9956879655037241,0.011074088592708742,16.908137460452267,0.9998039984319874,0.0001960015680125441,71.42128534267637,1.0,0.0,0.0,0.9977459819678557,0.0022540180321442573,21.03930069924006,0.9983094864758918,0.9932379459035672,0,Sparse,PatchTST,Sparse,PatchTST,False
设备36,S9300_S9303,/Users/leopold/Developer/fault-forecast/Time-Series-Library/dataset/fault/S9300_S9303/设备36/window_60_data2.csv,10204,0.7739121912975304,0.6862994903959232,1.9680258877833028,0.8387887103096825,0.40307722461779694,2.641432851233935,0.9990199921599373,0.0014700117600940808,33.65676422025412,0.9975499803998432,0.0024500196001568013,20.178206064960282,0.9023177185417484,0.7223637789102313,2,Dense,Informer,Sparse,PatchTST,True
设备37,S5300_S5328C-EI,/Users/leopold/Developer/fault-forecast/Time-Series-Library/dataset/fault/S5300_S5328C-EI/设备37/window_60_data2.csv,10204,0.9861818894551156,0.02156017248137985,10.935845978831601,0.9452175617404939,0.2215797726381811,4.373793244298093,1.0,0.0,0.0,0.9972559780478244,0.0028420227361818894,19.368232199902657,0.9821638573108585,0.9295374362994904,0,Sparse,PatchTST,Sparse,PatchTST,False
设备38,S5300_S5328C-EI,/Users/leopold/Developer/fault-forecast/Time-Series-Library/dataset/fault/S5300_S5328C-EI/设备38/window_60_data2.csv,10204,0.9986279890239121,0.0013720109760878088,26.97882767759086,1.0,0.0,0.0,1.0,0.0,0.0,0.9962759702077617,0.0051940415523324185,19.873460498420283,0.9987259898079184,0.9954919639357115,0,Sparse,PatchTST,Sparse,PatchTST,False
设备39,S9300_S9303,/Users/leopold/Developer/fault-forecast/Time-Series-Library/dataset/fault/S9300_S9303/设备39/window_60_data2.csv,10204,0.7780282242257938,0.6647393179145433,1.87632297892067,0.9997059976479812,0.00029400235201881614,58.31237718815221,0.9995099960799686,0.0004900039200313603,45.16414507106274,0.9914739317914544,0.016170129361034888,14.098573347384786,0.9421795374362995,0.7772442179537437,0,Sparse,PatchTST,Intermittent,iTransformer,True
设备40,S5300_S5352C-EI,/Users/leopold/Developer/fault-forecast/Time-Series-Library/dataset/fault/S5300_S5352C-EI/设备40/window_60_data2.csv,10204,0.9984319874558997,0.008330066640533124,37.66138514175824,0.9992159937279498,0.0012740101920815366,43.252047870250195,0.9990199921599373,0.0009800078400627205,31.928044099192793,0.9968639749117993,0.0031360250882007056,17.82904932967543,0.9983829870638965,0.9945119560956488,0,Sparse,PatchTST,Sparse,PatchTST,False
设备42,S9300_S9303,/Users/leopold/Developer/fault-forecast/Time-Series-Library/dataset/fault/S9300_S9303/设备42/window_60_data2.csv,10204,0.9263034104272834,0.12044296354370836,4.405541642733709,0.9997059976479812,0.00029400235201881614,58.31237718815221,0.8660329282634261,0.7818502548020384,2.571922648874748,0.9939239513916112,0.006174049392395139,12.88837085517714,0.9464915719325755,0.8034104272834183,1,Intermittent,iTransformer,Intermittent,iTransformer,False
设备43,S9300_S9303,/Users/leopold/Developer/fault-forecast/Time-Series-Library/dataset/fault/S9300_S9303/设备43/window_60_data2.csv,10204,0.9924539396315171,0.0224421795374363,13.261739849144806,1.0,0.0,0.0,0.9837318698549589,0.0806546452371619,8.377493322919127,0.9970599764798118,0.0029400235201881616,18.415573119871485,0.993311446491572,0.9773618188945512,0,Sparse,PatchTST,Sparse,PatchTST,False
设备44,S5300_S5328C-EI,/Users/leopold/Developer/fault-forecast/Time-Series-Library/dataset/fault/S5300_S5328C-EI/设备44/window_60_data2.csv,10204,0.9837318698549589,0.0273422187377499,9.226301463021537,1.0,0.0,0.0,0.9999019992159938,9.800078400627205e-05,101.0099005048515,0.9832418659349275,0.01675813406507252,7.659798601783407,0.99171893375147,0.974421795374363,0,Sparse,PatchTST,Intermittent,iTransformer,True
设备45,S5300_S5328C-EI,/Users/leopold/Developer/fault-forecast/Time-Series-Library/dataset/fault/S5300_S5328C-EI/设备45/window_60_data2.csv,10204,0.9895139161113289,0.028322226577812623,10.086990676025094,1.0,0.0,0.0,0.9999019992159938,9.800078400627205e-05,101.0099005048515,0.9832418659349275,0.01675813406507252,7.659798601783407,0.9931644453155625,0.9796158369266954,0,Sparse,PatchTST,Intermittent,iTransformer,True
设备46,S9300_S9303,/Users/leopold/Developer/fault-forecast/Time-Series-Library/dataset/fault/S9300_S9303/设备46/window_60_data2.csv,10204,0.8445707565660525,0.46932575460603687,2.5872729153953613,0.9918659349274794,0.011662093296746374,12.231077281470018,0.972265778126225,0.15650725205801647,6.056792101991316,0.9961779694237554,0.00382203057624461,16.14438062116431,0.9512201097608781,0.8196785574284594,0,Sparse,PatchTST,Sparse,PatchTST,False
设备47,S5300_S5328C-EI,/Users/leopold/Developer/fault-forecast/Time-Series-Library/dataset/fault/S5300_S5328C-EI/设备47/window_60_data2.csv,10204,0.8995491963935711,0.3182085456683654,3.981593573822135,0.9988239905919247,0.0011760094080752645,29.143323992525865,0.999607996863975,0.0004900039200313603,53.44267957353935,0.9977459819678557,0.0022540180321442573,21.03930069924006,0.9739317914543316,0.8979811838494708,0,Sparse,PatchTST,Sparse,PatchTST,False
设备48,S5300_S5328C-EI,/Users/leopold/Developer/fault-forecast/Time-Series-Library/dataset/fault/S5300_S5328C-EI/设备48/window_60_data2.csv,10204,0.9983339866718933,0.0031360250882007056,26.76693389239791,1.0,0.0,0.0,0.9997059976479812,0.00029400235201881614,58.31237718815221,0.9977459819678557,0.0022540180321442573,21.03930069924006,0.9989464915719325,0.9965699725597805,0,Sparse,PatchTST,Sparse,PatchTST,False
设备49,S5300_S5328C-EI,/Users/leopold/Developer/fault-forecast/Time-Series-Library/dataset/fault/S5300_S5328C-EI/设备49/window_60_data2.csv,10204,0.9952959623676989,0.004900039200313603,14.812373206208383,0.9997059976479812,0.0003920031360250882,61.8506265125908,0.9995099960799686,0.0004900039200313603,45.164145071062734,0.9844178753430027,0.020188161505292044,9.481162893167053,0.9947324578596628,0.9827518620148962,0,Sparse,PatchTST,Intermittent,iTransformer,True
设备50,S9300_S9303,/Users/leopold/Developer/fault-forecast/Time-Series-Library/dataset/fault/S9300_S9303/设备50/window_60_data2.csv,10204,0.9515876127009016,0.14817718541748334,5.761827327594887,0.9991179929439435,0.0008820070560564484,33.65676422025412,0.9968639749117993,0.004508036064288515,19.368528250191076,0.9878479027832223,0.014994119952959623,10.071577317231377,0.9838543708349666,0.9409055272442179,0,Sparse,PatchTST,Intermittent,iTransformer,True
设备51,S9300_S9303,/Users/leopold/Developer/fault-forecast/Time-Series-Library/dataset/fault/S9300_S9303/设备51/window_60_data2.csv,10204,0.9756958055664445,0.078890631125049,7.082354726112942,0.9999019992159938,9.800078400627205e-05,101.00990050485153,0.9772638181105449,0.12416699333594669,6.792154098354152,0.9878479027832223,0.014994119952959623,10.11476500472743,0.9851773814190513,0.9458055664445315,0,Sparse,PatchTST,Intermittent,iTransformer,True
设备52,NE20E-8,/Users/leopold/Developer/fault-forecast/Time-Series-Library/dataset/fault/NE20E-8/设备52/window_60_data.csv,10204,1.0,0.0,0.0,1.0,0.0,0.0,1.0,0.0,0.0,0.9738337906703254,0.04645237161897295,8.894645872899842,0.9934584476675814,0.9738337906703254,0,Sparse,PatchTST,Intermittent,iTransformer,True
设备53,NE20E-8,/Users/leopold/Developer/fault-forecast/Time-Series-Library/dataset/fault/NE20E-8/设备53/window_60_data.csv,10204,1.0,0.0,0.0,1.0,0.0,0.0,1.0,0.0,0.0,0.980203841630733,0.024108192865542926,7.682935432524111,0.9950509604076833,0.980203841630733,0,Sparse,PatchTST,Intermittent,iTransformer,True
设备54,S5300_S5328C-EI,/Users/leopold/Developer/fault-forecast/Time-Series-Library/dataset/fault/S5300_S5328C-EI/设备54/window_60_data2.csv,10204,0.9710897687181498,0.07144257154057232,6.806580906521063,0.9960799686397491,0.005880047040376323,18.261008856151523,1.0,0.0,0.0,0.9808898471187769,0.020188161505292044,7.36918786411398,0.9870148961191689,0.963249705997648,0,Sparse,PatchTST,Intermittent,iTransformer,True
设备55,S5300_S5328C-EI,/Users/leopold/Developer/fault-forecast/Time-Series-Library/dataset/fault/S5300_S5328C-EI/设备55/window_60_data2.csv,10204,0.9836338690709525,0.029106232849862797,8.207725951568937,1.0,0.0,0.0,1.0,0.0,0.0,0.9807918463347707,0.02048216385731086,7.404798972558046,0.9911064288514307,0.9726577812622501,0,Sparse,PatchTST,Intermittent,iTransformer,True
设备56,S9300_S9303,/Users/leopold/Developer/fault-forecast/Time-Series-Library/dataset/fault/S9300_S9303/设备56/window_60_data2.csv,10204,0.9868678949431595,0.01862014896119169,10.66581771783241,0.9298314386515092,0.18884751078008624,4.3294270590798165,0.9742257938063504,0.15346922775382202,6.162057979235643,0.9992159937279498,0.0007840062720501764,35.700140055747674,0.9725352802822422,0.9163073304586437,0,Sparse,PatchTST,Sparse,PatchTST,False
设备57,S5300_S5328C-EI,/Users/leopold/Developer/fault-forecast/Time-Series-Library/dataset/fault/S5300_S5328C-EI/设备57/window_60_data2.csv,10204,0.965405723245786,0.04517836142689142,5.664070988378924,0.9995099960799686,0.0004900039200313603,45.164145071062734,0.9981379851038809,0.002156017248137985,24.275791430698543,0.9889259114072912,0.011270090160721285,9.529780206019826,0.9879949039592317,0.9558996471971776,0,Sparse,PatchTST,Intermittent,iTransformer,True
设备58,S5300_S5328C-EI,/Users/leopold/Developer/fault-forecast/Time-Series-Library/dataset/fault/S5300_S5328C-EI/设备58/window_60_data2.csv,10204,0.7720501764014112,0.24666797334378676,1.9849170953242614,0.8425127401019208,0.7526460211681694,2.8245437538715383,0.9999019992159938,9.800078400627205e-05,101.0099005048515,0.9995099960799686,0.0004900039200313603,45.164145071062734,0.9034937279498235,0.6707173657389259,2,Dense,Informer,Sparse,PatchTST,True
设备60,S9300_S9306,/Users/leopold/Developer/fault-forecast/Time-Series-Library/dataset/fault/S9300_S9306/设备60/window_60_data2.csv,10204,0.988141905135241,0.030870246961975698,11.040389442523303,0.9004312034496276,0.1949235593884751,3.5743545417285385,0.9999019992159938,9.800078400627205e-05,101.0099005048515,0.9993139945119561,0.0006860054880439044,38.16692659508079,0.9719472755782047,0.8904351234809879,0,Sparse,PatchTST,Sparse,PatchTST,False
设备61,S9300_S9306,/Users/leopold/Developer/fault-forecast/Time-Series-Library/dataset/fault/S9300_S9306/设备61/window_60_data2.csv,10204,0.9889259114072912,0.026068208545668364,10.640367627924876,1.0,0.0,0.0,0.9906899255194042,0.04635437083496668,11.19740353358386,0.9993139945119561,0.0006860054880439044,38.16692659508079,0.9947324578596629,0.9809878479027833,0,Sparse,PatchTST,Sparse,PatchTST,False
设备63,S5300_S5328C-EI,/Users/leopold/Developer/fault-forecast/Time-Series-Library/dataset/fault/S5300_S5328C-EI/设备63/window_60_data2.csv,10204,0.9524696197569581,0.13827910623284986,5.317955010170994,1.0,0.0,0.0,0.9999019992159938,0.0001960015680125441,101.0099005048515,0.9960799686397491,0.004018032144257154,16.125087330117818,0.9871128969031753,0.9496275970207761,0,Sparse,PatchTST,Sparse,PatchTST,False
设备64,S5300_S5328C-EI,/Users/leopold/Developer/fault-forecast/Time-Series-Library/dataset/fault/S5300_S5328C-EI/设备64/window_60_data2.csv,10204,0.9594276754214034,0.07536260290082321,5.5467702581934,1.0,0.0,0.0,1.0,0.0,0.0,0.9959819678557429,0.004214033712269698,16.074108389556155,0.9888524108192867,0.9566836534692278,0,Sparse,PatchTST,Sparse,PatchTST,False
设备65,S5300_S5328C-EI,/Users/leopold/Developer/fault-forecast/Time-Series-Library/dataset/fault/S5300_S5328C-EI/设备65/window_60_data2.csv,10204,0.969031752254018,0.06007448059584477,6.16617446113745,0.9993139945119561,0.0007840062720501764,39.917101598187216,0.9999019992159938,9.800078400627205e-05,101.0099005048515,0.9962759702077617,0.004018032144257154,16.861175126627536,0.9911309290474324,0.9665817326538613,0,Sparse,PatchTST,Sparse,PatchTST,False
设备66,S5300_S5328C-EI,/Users/leopold/Developer/fault-forecast/Time-Series-Library/dataset/fault/S5300_S5328C-EI/设备66/window_60_data2.csv,10204,0.9803018424147393,0.033222265778126224,7.572051896756082,0.999607996863975,0.0004900039200313603,53.44267957353935,1.0,0.0,0.0,0.9963739709917679,0.003920031360250882,17.098684159899555,0.9940709525676206,0.9773618188945512,0,Sparse,PatchTST,Sparse,PatchTST,False
设备67,S5300_S5328C-EI,/Users/leopold/Developer/fault-forecast/Time-Series-Library/dataset/fault/S5300_S5328C-EI/设备67/window_60_data2.csv,10204,0.9564876519012152,0.07506860054880439,5.043174718920646,0.9984319874558997,0.0015680125441003528,25.233905761891084,1.0,0.0,0.0,0.9966679733437868,0.003724029792238338,19.143068294082624,0.9878969031752255,0.9540376323010584,0,Sparse,PatchTST,Sparse,PatchTST,False
设备69,S9300_S9303,/Users/leopold/Developer/fault-forecast/Time-Series-Library/dataset/fault/S9300_S9303/设备69/window_60_data2.csv,10204,0.9349274794198353,0.26097608780870246,5.270331654215579,0.9980399843198745,0.001960015680125441,22.56546033210934,0.9991179929439435,0.0015680125441003528,37.86736721769814,0.9987259898079185,0.0015680125441003528,33.39255156468281,0.982702861622893,0.9336534692277538,0,Sparse,PatchTST,Sparse,PatchTST,False
设备70,S9300_S9303,/Users/leopold/Developer/fault-forecast/Time-Series-Library/dataset/fault/S9300_S9303/设备70/window_60_data2.csv,10204,0.9527636221089769,0.13347706781654253,5.959320562491974,1.0,0.0,0.0,0.9992159937279498,0.0013720109760878088,38.16692659508079,0.9987259898079185,0.0015680125441003528,33.39255156468281,0.9876764014112113,0.9516856134849079,0,Sparse,PatchTST,Sparse,PatchTST,False
设备71,S5300_S5328C-EI,/Users/leopold/Developer/fault-forecast/Time-Series-Library/dataset/fault/S5300_S5328C-EI/设备71/window_60_data2.csv,10204,0.9418855350842806,0.118874950999608,4.8848860178934945,0.996765974127793,0.003430027440219522,17.996167392429047,0.9999019992159938,0.0001960015680125441,101.0099005048515,0.9864758918071345,0.01675813406507252,9.491001067428384,0.9812573500588004,0.9309094472755782,0,Sparse,PatchTST,Intermittent,iTransformer,True
设备72,S5300_S5328C-EI,/Users/leopold/Developer/fault-forecast/Time-Series-Library/dataset/fault/S5300_S5328C-EI/设备72/window_60_data2.csv,10204,0.9468835750686005,0.09212073696589573,4.75442373406135,1.0,0.0,0.0,0.9999019992159938,9.800078400627205e-05,101.0099005048515,0.9861818894551156,0.01715013720109761,9.378817644466881,0.9832418659349275,0.9351234809878479,0,Sparse,PatchTST,Intermittent,iTransformer,True
设备73,S9300_S9303,/Users/leopold/Developer/fault-forecast/Time-Series-Library/dataset/fault/S9300_S9303/设备73/window_60_data2.csv,10204,0.942375539004312,0.20962367698941592,5.168225851337613,0.9966679733437868,0.00382203057624461,18.470136886539176,0.9987259898079185,0.0015680125441003528,29.595713372040887,0.986671893375147,0.016268130145041162,9.294671217950075,0.9811103488827911,0.9303214425715406,0,Sparse,PatchTST,Intermittent,iTransformer,True
设备74,S9300_S9303,/Users/leopold/Developer/fault-forecast/Time-Series-Library/dataset/fault/S9300_S9303/设备74/window_60_data2.csv,10204,0.9713837710701686,0.09702077616620933,6.317906880629929,1.0,0.0,0.0,0.9984319874558997,0.0017640141121128968,26.30331153164681,0.9865738925911407,0.016562132497059977,9.263730787239878,0.9890974127793022,0.9582516660133281,0,Sparse,PatchTST,Intermittent,iTransformer,True
设备75,NE20E-8,/Users/leopold/Developer/fault-forecast/Time-Series-Library/dataset/fault/NE20E-8/设备75/window_60_data.csv,10204,1.0,0.0,0.0,1.0,0.0,0.0,1.0,0.0,0.0,0.9788318306546452,0.038612308898471184,9.196917556183523,0.9947079576636613,0.9788318306546452,0,Sparse,PatchTST,Intermittent,iTransformer,True
设备76,NE20E-8,/Users/leopold/Developer/fault-forecast/Time-Series-Library/dataset/fault/NE20E-8/设备76/window_60_data.csv,10204,1.0,0.0,0.0,1.0,0.0,0.0,1.0,0.0,0.0,0.9814778518228146,0.02254018032144257,7.915455915109715,0.9953694629557036,0.9814778518228146,0,Sparse,PatchTST,Intermittent,iTransformer,True
设备78,S5300_S5352C-EI,/Users/leopold/Developer/fault-forecast/Time-Series-Library/dataset/fault/S5300_S5352C-EI/设备78/window_60_data2.csv,10204,0.9558996471971776,0.13661309290474324,6.383237989472813,0.9991179929439435,0.0017640141121128968,43.458366624041794,0.9998039984319874,0.00029400235201881614,75.28538296966343,0.9936299490395923,0.006468051744413956,12.581378809400748,0.9871128969031753,0.9523716189729518,0,Sparse,PatchTST,Intermittent,iTransformer,True
设备79,S5300_S5328C-EI,/Users/leopold/Developer/fault-forecast/Time-Series-Library/dataset/fault/S5300_S5328C-EI/设备79/window_60_data2.csv,10204,0.9755978047824383,0.03596628773030184,7.3330943389204535,0.9982359858878871,0.0017640141121128968,23.78841921794907,0.9999019992159938,9.800078400627205e-05,101.00990050485153,0.9931399451195609,0.0071540572324578595,12.258452455183084,0.99171893375147,0.9714817718541748,0,Sparse,PatchTST,Intermittent,iTransformer,True
设备80,S5300_S5328C-EI,/Users/leopold/Developer/fault-forecast/Time-Series-Library/dataset/fault/S5300_S5328C-EI/设备80/window_60_data2.csv,10204,0.9789298314386515,0.025186201489611915,7.316792395105953,0.9998039984319874,0.0001960015680125441,71.42128534267637,1.0,0.0,0.0,0.9848098784790278,0.015484123872990984,8.126178072679629,0.9908859270874166,0.970109760878087,0,Sparse,PatchTST,Intermittent,iTransformer,True
设备81,S9300_S9303,/Users/leopold/Developer/fault-forecast/Time-Series-Library/dataset/fault/S9300_S9303/设备81/window_60_data2.csv,10204,0.9998039984319874,0.0001960015680125441,71.42128534267637,0.9994119952959624,0.0013720109760878088,45.62289972800759,0.9979419835358683,0.0031360250882007056,27.13666223948701,0.9980399843198745,0.002156017248137985,23.391211177076286,0.9987994903959231,0.9956879655037241,0,Sparse,PatchTST,Sparse,PatchTST,False
设备82,S5300_S5328C-EI,/Users/leopold/Developer/fault-forecast/Time-Series-Library/dataset/fault/S5300_S5328C-EI/设备82/window_60_data2.csv,10204,0.9517836142689141,0.07369658957271658,5.16523187314032,0.9990199921599373,0.0010780086240689925,33.09527943168266,0.999607996863975,0.0004900039200313603,53.442679573539344,0.9966679733437868,0.003724029792238338,18.001615809286463,0.9867698941591533,0.9501176009408075,0,Sparse,PatchTST,Sparse,PatchTST,False
设备83,NE40E-X3,/Users/leopold/Developer/fault-forecast/Time-Series-Library/dataset/fault/NE40E-X3/设备83/window_60_data.csv,10204,0.9999019992159938,9.800078400627205e-05,101.0099005048515,0.9960799686397491,0.004410035280282242,16.617631570483972,0.9916699333594668,0.012936103488827911,15.001759921243202,0.9182673461387691,0.22814582516660134,5.039531202570095,0.9764798118384947,0.9104272834182674,0,Sparse,PatchTST,Dense,Informer,True
设备85,S9300_S9306,/Users/leopold/Developer/fault-forecast/Time-Series-Library/dataset/fault/S9300_S9306/设备85/window_60_data2.csv,10204,0.9181693453547628,0.25646805174441395,3.880318268163918,0.9998039984319874,0.0005880047040376323,85.84029098014261,0.9932379459035672,0.010682085456683654,15.05308341368098,0.9980399843198745,0.002058016464131713,23.047373080151495,0.9773128185025479,0.915327322618581,0,Sparse,PatchTST,Sparse,PatchTST,False
设备86,S9300_S9306,/Users/leopold/Developer/fault-forecast/Time-Series-Library/dataset/fault/S9300_S9306/设备86/window_60_data2.csv,10204,0.9073892591140729,0.27959623676989415,3.7089614192692584,0.9840258722069777,0.020286162289298314,8.794748018521135,0.8309486475891807,0.988141905135241,2.251107697452725,0.997843982751862,0.0022540180321442573,21.93696933987294,0.9300519404155233,0.7495099960799686,1,Intermittent,iTransformer,Sparse,PatchTST,True
