Device_Name,Raw_Events,Original_Hours,Removed_Hours,Cleaned_Hours,Gap_Count,Source_SHA256,Output_SHA256
设备0,630,10204,5206,4998,5,91a9e26263dd7504f73a6de98d08223f6a95a745e0bb10be8aa40950fd2f70b3,a564073e0a4a6f0e2dee95b38335a39734ced4b31928dad1b21fba214d9305a0
设备1,328,10204,5487,4717,9,e38d65cdf6816e94ad1220f5fd388f5e1393ae41f5bf11f974b415883718e841,14f3cbb4f1cb7019b6347e70c2d4415edd1bac1881bb2d1fb5fff200e9f33e85
设备2,591,10204,1461,8743,2,a44ec60d6e98a99d3a991df6bb6367e75e70a593f1116cdd3db98c874fed6d3e,9ce4d017a209bf8f9d7bd7f19ea148ae30f8f74cb196356ffa1e270671b04fb7
设备3,114,10204,4153,6051,6,7716cec5752ecf7e9d00a432406698bce55d5c45432c79d26fb838b59e15d973,b75ebf5fedf3475df47b1bbf7dcadbf5a900a45e39eda57e8120fa5c57e6630a
设备4,207,10204,6079,4125,8,b76991f23f67f3f4f4d3569fad8b53924855f0f636dcddac76b830ca98f33467,26a598a125ba3c63d75803c061b858488f82603b6b6580928e1a14766b1041c2
设备5,834,10204,1637,8567,2,077f666511a2057460400bd2e8771012054e7dff0fe5cd4c9772d5a189e778a5,38d70f0fc6dadd6b432c5da84b5f67462750f713d735c8bd6c5cf77bb01e165e
设备6,3151,10204,2285,7919,2,e76445f7225555caac40628cc7156e81934cba6d619052e50b8e97b920c77da2,9bc470986b7f08b24e5493d49f556e879c9a62988c40ab750518e2e7bb7d2d5b
设备7,418,10204,7925,2279,0,73aef9cf168c2b670cb9cee74d8f861815042fd04b1ddbbe443bc7b647750c6a,fc4b5821b5bce3271de163cd442bafc60091f97c2bb7809a69bea93a3e01583a
设备8,175,10204,8913,1291,1,544e4e594f26d24ecf79ab4ce43223fe088efbebfcb26d8be4a244dd5e04770c,e5cd7f9bbe5179b5644ed8db10d893484fddaf0c58c9d98935c6d28444098dca
设备9,126,10204,8913,1291,1,f11a3570049305df0711c6b5911dfc99d1672edeace187f8aab6e391b2460f98,156dd70cc3fd73c7e2e4054b712067d076a65a7f37f8e75ae530e4b1b9affd15
设备10,397,10204,6837,3367,6,c6e01695dd0457f3020f64732fb1ba82588cf73179a8e133bd80d9c6acb97b46,2bd3fd72bdd2dee49c0c8b02bc50ac69ce80b1be12d2f44b1fe246deb10d6f33
设备11,299,10204,6916,3288,6,dd63949a6970c9d23e27d53e01a98a276cec567559e5166d2938be96b0cb4e14,e99ccba3a82584469e5e0b03c041cb733beb90929086bf305032a999637bdb59
设备12,4694,10204,913,9291,1,a575aed9077c886f5264676522a2e0bf20d1cc3798a68438efea2329f2a083a7,dc113d89d8e42b3febe226547db612324ccc475e3979a05f5cd1d370128839a3
设备13,158,10204,5388,4816,7,157f356bfeba9bf083f5b5bc62c220de8f562dcb4385e10be592833c3ef3482c,6f372d082fd49ea4a2c9974043061f354990444347910dadffbf3755aa5a2847
设备14,633,10204,4497,5707,3,3ad1242513ae0d69c27f9b2f77b1833b0e1ad93576f15d7a3121f7b2aba64b31,082705beeae29cd647b55fb89f333056d75ec20e61a80b7d0d514864e43c248c
设备15,96,10204,7816,2388,1,4b4e0c447bc094dab573234619b9a71c90f30e025c1006e2342e647cbc656d9c,e26bbfd1e36ca4c2db18d24d49117208fc72a48c2023a970cc57794ff17d1366
设备16,65,10204,7075,3129,7,106871ea9a253e3f1dc06f6afda5884ae621da53923e00ae5d3e7d61023d9581,6ce583384c94b65c1711a99d2e56bd8b6231eeaf18e80261a59d2e2bd590ba1c
设备17,727,10204,2448,7756,4,5ac35fed5b6e768eee9b6ca128eea179857f7da0ea26cbe24d49584838c401ae,1a14e39038fcf977f4d4228729449fa67610e4c8c8eaa2fa43bb784936590651
设备18,767,10204,5311,4893,9,997137572fa4a5a0cc4389887a71cbd31b34ed9ea314fae5471db4478f6c3e0d,35750787155a7fe69260fbbf91d576c61a378702c3e80f724fd35ea2b8d8922f
设备19,322,10204,3751,6453,5,6f754e5399e94f2ca47191708be1302ae19b4080c3b8963500c8e36740c062e8,de4deefaf3b6e5f3e2a86e6baecefbc590344c39965293426d3e138832db9996
设备20,134,10204,6783,3421,8,b9789bf01814ccaf2eaf08cd7b5f4abfc8415e0e2c50e84980b4f62656d3767a,3a7d6364f28ce0a1086c6d83b9e6c48d10514df856b16e6900e0c4d2ae76cc5f
设备21,62,10204,5968,4236,8,fbf9e6d2fbc86179401be6d5663c57cf8b9afcd7b8cef538c41df9f2b659339c,1a238d75813f96bc38b76133d2ca5e4231966ad4af4bea62a9e7878fe1b819a9
设备22,34,10204,7917,2287,10,87b19658f967e57f77fe882e5aab00c667cef9cd0eba5693e4221c337ca50822,345b3278f265ea16019d1a5863366dd45d0f7be318e639ea847de48349d5b003
设备23,182,10204,3967,6237,5,8ca25b6dd7ff62bc2a6711e3db95a8eb1fcc63364e51171621abe8ee53e2023a,58639a035793585920f6ca589d6ea5d26f165bf3cd74e1185111ca7cb85b205d
设备24,465,10204,1430,8774,2,f7c6c8bd6ad4af024c819cc0db2d8ba00fb1a63df88bf9389c3b779d6fb7d334,3eec0d3881662f25bcf7dc22e28a342d43733f5ea8fc16665fadb76e632a9e1c
设备25,66,10204,4823,5381,7,696e6029eb422679a668de0a7cf6c7714d47687b2ee047a91b22ba8873f5af47,2d9fcf4f36eef15ec7a37d4a947ab88fd2dc24d72659b8589432c98e868ff29d
设备26,2064,10204,6203,4001,7,3f4f1fc43cec2e75cfda72ec04ec6db4d741d9a2b45ecbe74c68146e3ffcc937,1962884676d257d2e7be3682943509812a3443b064e6eb17e839dcc8ae2c3374
设备27,14714,10204,1752,8452,3,0b57360d70fe4f114b7588f8cccf86820c2c5076088bf3036e7b420c101e4f3a,b6aa50ef982c53900027c4803c809ff5315919d5978678e4d3241e3c343fd60c
设备28,11960,10204,1392,8812,2,ce1e34ab022154498329ce8fa55e0de68818c0ff5de058389f954ff9069106cd,ecb6d75ef41c1a12ee8d2c112628c9460a1006bb19b34d7168b5a19935b37d61
设备29,220,10204,5967,4237,9,a429796963a71f547be105e5aa4cdb3c7ac04d40feed7ea033b31c21ae81d462,ca455bc25c714ab4d32b93e71b683e12e479efab9e71e9c3bb66644401e1cd95
设备30,1732,10204,3628,6576,5,83a14ac11126400d4f6b80d68dcc9c214e3eacc3af8168e0297fc3b9b069a224,7fe1a22c7b925deb5a2d13d072f9228a46b8e2673ca35fa610bd1104d35a4940
设备31,65,10204,6269,3935,9,136c4f3ed5e76a171e7c84082c03536c2b2c2f54bbf64bbe42cd01ed2202f085,44b000fa5d817458c36aefdc43e7df2f4b5458c576aba27bb79c014fa3b6ea2b
设备32,229,10204,5053,5151,7,2aa6ae7bac9d49e2b1159cd67659ad8fbc6db1dc2edbdad7495fdcd8674b9583,1f10254b4a4478ca2619691b271720d174ee7e8122e8bcd78a34477ee6e5a7f7
设备33,107,10204,5269,4935,9,e6437654911f692860c4cdce30a3bc26d1c05eea211857a70716491fff695487,a90f7632a95b047a539e9b08834100f6fee31ecfe2ac58225122b2122e9151c0
设备34,119,10204,2158,8046,2,cfa498e751bba210992bdea4ccb75cff45457e2bab9bb17cca76c651f089d8fd,2c199a586f7b1dc1c67f8d36e5916049c85f3dc7bbd02b5b1e2cfa1cdb264b18
设备35,138,10204,6532,3672,10,7ab55b362747e631ff41f7337751cd8795f8a72390f6bd7056e05f7b7823df3c,ff2107d537a2bb2338b423db892783edfe611dd264ff6d4663931942b7b6474b
设备36,11156,10204,4449,5755,7,77701d8dd5bfdd71fc1fdf02ad1b51930f225f7ab688eacb945aefd1c43ec433,56d344309b149ef867add184eb63917fe0882a7a899bd32811359c7ad7356437
设备37,2510,10204,4049,6155,6,137e0542d03ea35705cc563dd7637b99cbc1ed537fb0dfe30d34f8b77b4588bd,482bddf9059cb9a539170640cf235b36237019ca81b02c54915b3423c5aef13d
设备38,67,10204,7872,2332,4,a309be39bbfc545889783c7fcb1f577862d7ecf307e9b13157d8a4a81dc1dfc8,248fe99ad3e882f5e07cdb4891f1cf200a1fbf8e4a1f4479a28e12029c54c472
设备39,6956,10204,6738,3466,2,ffa7d3b2611e3e96d660ae134000cd4cf4f1a89e5b22c523c2d48c9d05381929,484311639e0d61b83a3b2e25fdf4f6b7f86cf67fdab74d1859e14f393280ea6b
设备40,140,10204,7281,2923,5,ff08ebb9444781baa12016e0f0d613fa7a7f36144b75fc5becf050902a015379,f07f9ef6e9e5d2ceb0a44bd2feaf3ce1990e1dee342839bfce1b023b8f72582c
设备41,8,10204,9578,626,0,06d10dd3336689e3b65372976926ef0944ebc5f5eae2d4da208bbc612fee8f16,90228026bfda5391f450b0887a6660bd42a32766b38fa788961a3993da9851e0
设备42,9275,10204,933,9271,1,2f9aa14ce9ec33ee7dc8fa7c5c8b73024490f8ab46fddf0afc59d111198694f7,a7d35a66befa3c954787c0d40cc393b05072e77a2e21bd756edab7541a06adb1
设备43,1082,10204,5450,4754,5,f33ec837f1af7f295792a63a7f83afb315eff604efe12aa6e2fcce3b40a13304,5ad7f849b3d05abd940ef849f7621228595ffc0321aadec4a0a452973a8ffc40
设备44,451,10204,1863,8341,2,0a2a33505026d67fa3fa080ec3040985b606dcff5987ac930e0202f69f763e86,e9d04afb14860e2c26707d91ba8bb58c4baf8f6735132b934704635b7039556e
设备45,461,10204,1861,8343,2,1cab6a42fa391e35b12092feb202c71c27a717f101efc813c61257fe7ffaf47f,e42497854925c74d962d7e2e40051b693da02bbcc96fcf050e61fa001e10e715
设备46,6544,10204,4272,5932,7,3e86fa38e4a107363f5bf1983c9d4308e56b2f28504e528a6aa32d667a621e7e,1f57a8cb84e7a074edd07a345ff2fcdf5d2f9fce85378525105a44568aad3365
设备47,3287,10204,926,9278,1,641f54effef7d71d9669352d1e54139ce404a13bc2b2bbd13bc8d939e954651f,042f6d59b8fb660fb0d35baf303377648d5bde14daf8ea2a7eca34ad04059a88
设备48,58,10204,7788,2416,9,35eefb1643e2142a9fe7816f0564ba1c480c3cf9e120fb0e503a639cc96fab92,fd55ac7ce1bebc7c335c885d82e0be5b03e34855c9dfaa720530d91cda6962c0
设备49,265,10204,2384,7820,3,5871b6c209930c1d0412f5ba4da615c98a55026cbf150341108543886a5976bb,ab1989d0bc8f88ffc181a8d3d6ccd42493d1cd7f8d3c8a00c414e6d5826d7e47
设备50,1720,10204,984,9220,1,dcddd4f613fd65670559dd271a42d87a066b54b1e3172d27394ecc64bef0a018,836659eb7586e3b549e6731a3ffdeb63bfa6143777011242e27a564ab8e7571b
设备51,2226,10204,984,9220,1,39b667c70812e02b485f8ab0729c94c59b255e18c9306d7238dcd8876371d93a,7611693bc65932b614ffc76e14bda67b0ea193c69c922f9d2e52ffedfcc7182d
设备52,474,10204,1518,8686,2,4c9186fd9d3a0bc5f055fc2616e35fbb08a477fa457e6653aef8fb097c1382df,b7e8b96b70c6dc1f13ddba573898d3dae10a6516051ec28ee3e7defd0c79ef35
设备53,246,10204,1809,8395,3,2e2afa7550d6dcbfec7bcaf26ba4633157c259b549082bdefa8bf67c688caf84,7dabe098540e5da4ce0d0c9588ed6854ab6166e0c0b9e90deb1cf1adc7fcf653
设备54,998,10204,1986,8218,3,bb55903e625fdccf5980f0d4669985f6d25a7d8f444a3fe2fe9a2241518e83b1,8e730567d7b61bcb9aa2ddb1a3e8ac4c385513f592387ac58efb84183a7074d7
设备55,506,10204,1988,8216,3,75308a4b113266bc45225d9a04e81f44b3a63f469fcce5b572b83728ea6f58b5,dff115976a240b56746bb146285c1531d6c1d1d9e79519faa2927c5e738825fa
设备56,3691,10204,2092,8112,3,920871e37293a58b4f5204088d1eb2a590b67b2178f77beedde259b68fe6edc9,50902282dee0081b66c7359054d9b1576321f3b049fca43755014cd80e9c1c12
设备57,603,10204,2187,8017,4,69f46220fcdbe381e858fb33120b14313f28456f248d42daed1383f393004bb1,41e52dcefe03a78449f9e9d8af79cc609728689bfc7a5afae9ff7a6f010ca27d
设备58,10218,10204,910,9294,1,3d91bdbfcd5991c773e1deebad01cc92f2f8a511d9d71f06e0fb30209b3d0c20,d22aa415c8534141bfcf2ef7011a39dd6497944d12adc90d3ba6b3fdcc5e04b6
设备59,3,10204,9986,218,2,338760a4e7bcc785cea3f7eea4e92994aecbd1a07e8854d7fb10bef575521e5b,443ec31fde48ee29ce47ff637720481b2b8c5427052e4555d96c40a90ca67c45
设备60,2348,10204,2042,8162,3,77c7e3ebb3fe51d007819e0850d102db9c7e09f36396379b1a3349119e4c1cae,ea834befa20db0cfa0d9f22c978b09ebf26af0ecc61358f6ecbedb99aa6ba6ff
设备61,746,10204,3140,7064,5,aaffe4a6494cf3bf3b24e6a6c9a13c61ee27797fda7e7765f5ce3635a90153c3,d5674cf2ade63d8eb70483c49d941335688565e3d3077e1862be05d7fcfd979c
设备62,5,10204,9933,271,2,37e99d00b870095473b54b4f298c421445365232aa14398f608d561dea3030e5,8a1ad674e46827e9fe76646a36589f760f152768cc29c1403c4abd49cdf33f58
设备63,1454,10204,1012,9192,1,759c55a6b6e4f2bd3923d882a26de52b1c21b698550671336761367f52ec119e,51eb8255258ff48d8f803e82d7d731a5a2bdc479829955240b7832cd7a2401ac
设备64,812,10204,1012,9192,1,02d27abb0ce430b30827f392c6e9d0eb33d660536ddd3085712e3fc1e3a51d3e,7a6d230ad03d84edebcb6c4db7914c371f9d07133721a5af3517e19f9e6690b3
设备65,663,10204,2187,8017,3,6736fc9dc54efd5a44a8cd3c8a3d0bf6213ce4e1f34188ae7264be5d7d2bc70d,697ad4ac13fb341f75eb7f7deb69fe436a7969f85c3a9c8c4837d29aabd67bf3
设备66,384,10204,3281,6923,5,51682710eeeb52b3da72156e39f3d23312f17fe776a0a5035b027a0b22215a71,2430649ba39f2f995ac92ddc4814429204d96db255e064dd65ded61f534853e9
设备67,820,10204,1396,8808,2,470b7ffbbadbd8d35d76adc823e133deb8c8df0e927dcece5efb419f1dfe9d86,3121ba94af7b3191f83900e2b5864a18e6c12fd089cfa1a1da464dc949acfe44
设备68,38,10204,8027,2177,9,952ffe749591736ac2aaab22a7f97d4e8d366ce03793c93dfce7326cf5b6615d,7be7e8ac7b9fa511f41f8d6281d7746e811708d2bb7fbb1962bc05200593192e
设备69,2715,10204,1076,9128,1,63d9690c8f8452d0b478b7648ef90131f3d6de8e972ac3f8ad511fb81ad5187a,fb53a5fb542d69877f9cdd53310e9b8f8a215c876096de46dfc7bb32c8997d48
设备70,1392,10204,957,9247,1,62d95c0f4cf62005411c8aa592708d4348c37198d85fb18211dafa76b30b7032,ea6cd6f16143cae8eedf5c988fe5d3e852fe4c8a6fe7e1b58bb7c78f7fa797bf
设备71,1421,10204,1270,8934,2,79b7671a5cd3165e515464882b2ffa24f3190821803e1365892210116b52fc4b,147c35ca6d4de27c3e0a5c7bde410614c892b9004bba2585112fc6bea070776f
设备72,1116,10204,1270,8934,2,5d9b8524644207f8e60435f9eb7286126d1afb87f787738833e9e6a5eae17881,4856bb9ac27dde581bbcbfd370b36b847faad1eb856e91529a12ed5940da8cec
设备73,2360,10204,1343,8861,2,1a47010eaf73263d010b43a42d869a70e0332be5b9ac7c7dd3b24e5b84b4db53,0e9a5a03ffcbc0a5007fd8b82bbdc5906ccb505e3d5fe6ade64fd999b71e1f61
设备74,1177,10204,1343,8861,2,d40ab0db024228a73ac34027ebf05eb80ae31c18b81e2a090759c6bc80153cbc,f315a13b80922dc7497a9a9e5086d35216c6bfe8c9cebb0c1532a5956d2f736d
设备75,394,10204,2502,7702,4,a88a05d9edaac2d1c76546cc2c65a211f9c75c0849b3cb34ee5a72bd49f276f1,cc066db37be6483e50f9ed58b40b0eb0722dd7572ed16ab452ef5c9627c9ea07
设备76,230,10204,2773,7431,5,4fe5a2b27e376d75667a38459e25aab87f44497df6efb1113ef23fbc3105b1f6,96f2a6d681b622503623d8cee36a03230ae4ca0e918f32fccbbab82e18ea62ec
设备77,18,10204,8862,1342,9,9b16acddafe959ebf137147b978279a5669e0f46eac65fb16d36d88d4cffc14e,897224f9717136f3f09011f66fc79527b79f44fe8e8dfd0bb8dfe729223899d7
设备78,1481,10204,4527,5677,6,53ec65e43a38c341f79eb7b9a857319d277baa3da4a0fbb17aa855c4e6c986bb,a38241e918776b6dfe9fea38c5431fdc310f0702b9a47ef16b145455a8822968
设备79,459,10204,2199,8005,4,6e1738757acaa64681dabda7f5e03a633616a937eb4f5ced3bfdcebbf220ecad,73bcaed75e61b565a9e818056f727d931874fce120b0a7d301ee97e4cc1bd35b
设备80,417,10204,1311,8893,2,a1b3bd6571650452e86c321168aaef2a7706c1cf4917b68e3c58a988969ae102,26f5b49b818cd5dadb414a1c14cd58bff9ec868d15a6466c0c700d148e8870bf
设备81,70,10204,9240,964,0,98e37ab9b077d99fd45c92dfab18e7ecd459cc593fe8ba2b4e4ef9e039d95964,adb63072ffa1ac45583c778329227da89d0836fc359857270c75adedf14bbbc3
设备82,806,10204,1366,8838,2,4e7aed48790f9bf3249291afae959376e96c001e05f58401d6ca8bdf7774b617,2b9243f85016f13cba0a8b0d5783aaade8c271cd847fe647ba20d20c9e3734ba
设备83,2506,10204,933,9271,1,1cd10f2593f45a760ac04ecc40e21c5d4f77e845e0be350ea5b133f2e7b350f3,84639f54af80ebb450ae46900fe2a76a3cc084c56a9b083d4bfd61a8d4bcfb18
设备84,40,10204,8119,2085,9,4a0dcfaf61e51b79c6b7a5d495b4b92c7d83c2323ead50edf526fc05b4aac016,333fa6ea6705a29a887bb8cb0600d514d9d9f36258d9dfd28e7ca04a056b9c08
设备85,2753,10204,956,9248,1,0f4a4fa2b3fdcb91c57e29540b08fd7110cbdc614f7f51d0f74c8b0abf635938,45554beee1ece6d5a75dd4ad3e3fb6612652520b36679373c89296a81092a60d
设备86,13168,10204,911,9293,1,06f13fe75007ebb078b0a74706e295f33edf5191c86de5e6c4779a1af0f21798,6f9f56d1f76e302fc30657e98d143021fa0a2957708278516954c5d6d8397390
