Device_Name,Device_ID,File_Path,Root_Path,Data_Path,Rows,Total_Events,Gap_Count,Input_SHA256,Level1_Sparsity,Level1_Mean_Intensity,Level1_CV,Level2_Sparsity,Level2_Mean_Intensity,Level2_CV,Level3_Sparsity,Level3_Mean_Intensity,Level3_CV,Level4_Sparsity,Level4_Mean_Intensity,Level4_CV,Sparsity,Cluster,Label,Model
设备0,0,/Users/leopold/Developer/fault-forecast/Time-Series-Library/dataset/fault_all_selected_cleaned/设备0_cleaned.csv,/Users/leopold/Developer/fault-forecast/Time-Series-Library/dataset/fault_all_selected_cleaned,设备0_cleaned.csv,4998,630,5,a564073e0a4a6f0e2dee95b38335a39734ced4b31928dad1b21fba214d9305a0,0.9775910364145658,0.026810724289715888,7.04692605696311,0.9967987194877951,0.004601840736294518,19.169574585578587,0.9993997599039616,0.0006002400960384153,40.80441152620633,0.9585834333733494,0.0940376150460184,6.005061996265735,0.9830932372949179,1,Sparse,PatchTST
设备1,1,/Users/leopold/Developer/fault-forecast/Time-Series-Library/dataset/fault_all_selected_cleaned/设备1_cleaned.csv,/Users/leopold/Developer/fault-forecast/Time-Series-Library/dataset/fault_all_selected_cleaned,设备1_cleaned.csv,4717,328,9,14f3cbb4f1cb7019b6347e70c2d4415edd1bac1881bb2d1fb5fff200e9f33e85,0.9703201187195252,0.05957176171295315,6.449298013364447,0.9963960144159424,0.0038159847360610556,17.034460352654936,0.9980920076319695,0.00211999152003392,23.77057003944163,0.9959720161119355,0.004027983888064448,15.7246035846611,0.9901950392198431,1,Sparse,PatchTST
设备2,2,/Users/leopold/Developer/fault-forecast/Time-Series-Library/dataset/fault_all_selected_cleaned/设备2_cleaned.csv,/Users/leopold/Developer/fault-forecast/Time-Series-Library/dataset/fault_all_selected_cleaned,设备2_cleaned.csv,8743,591,2,9ce4d017a209bf8f9d7bd7f19ea148ae30f8f74cb196356ffa1e270671b04fb7,0.974722635251058,0.05078348393000114,7.263078763440112,0.9988562278394144,0.0011437721605856114,29.551649700143642,0.9975980784627703,0.0024019215372297837,20.379728490177033,0.9870753745853826,0.013267757062793092,8.846986696206441,0.9895630790346562,1,Sparse,PatchTST
设备3,3,/Users/leopold/Developer/fault-forecast/Time-Series-Library/dataset/fault_all_selected_cleaned/设备3_cleaned.csv,/Users/leopold/Developer/fault-forecast/Time-Series-Library/dataset/fault_all_selected_cleaned,设备3_cleaned.csv,6051,114,6,b75ebf5fedf3475df47b1bbf7dcadbf5a900a45e39eda57e8120fa5c57e6630a,0.998182118658073,0.0018178813419269541,23.432688900143518,1.0,0.0,0.0,0.9966947611964965,0.003305238803503553,17.365195075207193,0.9862832589654602,0.013716741034539745,8.479599899631545,0.9952900347050073,1,Sparse,PatchTST
设备4,4,/Users/leopold/Developer/fault-forecast/Time-Series-Library/dataset/fault_all_selected_cleaned/设备4_cleaned.csv,/Users/leopold/Developer/fault-forecast/Time-Series-Library/dataset/fault_all_selected_cleaned,设备4_cleaned.csv,4125,207,8,26a598a125ba3c63d75803c061b858488f82603b6b6580928e1a14766b1041c2,0.9907878787878788,0.035393939393939394,16.59342385234446,0.9997575757575757,0.00024242424242424242,64.2183774320093,0.9963636363636363,0.006545454545454545,18.244115123116124,0.9922424242424243,0.008,11.4706476528467,0.9947878787878788,1,Sparse,PatchTST
设备5,5,/Users/leopold/Developer/fault-forecast/Time-Series-Library/dataset/fault_all_selected_cleaned/设备5_cleaned.csv,/Users/leopold/Developer/fault-forecast/Time-Series-Library/dataset/fault_all_selected_cleaned,设备5_cleaned.csv,8567,834,2,38d70f0fc6dadd6b432c5da84b5f67462750f713d735c8bd6c5cf77bb01e165e,0.9552935683436442,0.08369324150811253,5.4783668799691805,0.9995330920975838,0.0005836348780203105,48.96692761446239,0.9910120228784872,0.009805065950741217,10.97334949288368,0.9967316446830863,0.003268355316913739,17.463226669613086,0.9856425820007004,1,Sparse,PatchTST
设备6,6,/Users/leopold/Developer/fault-forecast/Time-Series-Library/dataset/fault_all_selected_cleaned/设备6_cleaned.csv,/Users/leopold/Developer/fault-forecast/Time-Series-Library/dataset/fault_all_selected_cleaned,设备6_cleaned.csv,7919,3151,2,9bc470986b7f08b24e5493d49f556e879c9a62988c40ab750518e2e7bb7d2d5b,0.9785326430104812,0.03434777118323021,8.29384712220482,1.0,0.0,0.0,0.9328198004798586,0.36052531885339056,3.924343226180792,0.996969314307362,0.0030306856926379596,18.137208532002195,0.9770804394494255,1,Sparse,PatchTST
设备7,7,/Users/leopold/Developer/fault-forecast/Time-Series-Library/dataset/fault_all_selected_cleaned/设备7_cleaned.csv,/Users/leopold/Developer/fault-forecast/Time-Series-Library/dataset/fault_all_selected_cleaned,设备7_cleaned.csv,2279,418,0,fc4b5821b5bce3271de163cd442bafc60091f97c2bb7809a69bea93a3e01583a,0.9815708644142168,0.018867924528301886,7.380048528232709,1.0,0.0,0.0,0.960070206230803,0.12154453707766565,5.630438146937762,0.9767441860465116,0.04300131636682756,13.655204066001051,0.9795963141728828,1,Sparse,PatchTST
设备8,8,/Users/leopold/Developer/fault-forecast/Time-Series-Library/dataset/fault_all_selected_cleaned/设备8_cleaned.csv,/Users/leopold/Developer/fault-forecast/Time-Series-Library/dataset/fault_all_selected_cleaned,设备8_cleaned.csv,1291,175,1,e5cd7f9bbe5179b5644ed8db10d893484fddaf0c58c9d98935c6d28444098dca,0.9752130131680867,0.032532920216886134,6.661477572334235,0.9969016266460109,0.003098373353989156,17.937391114652097,1.0,0.0,0.0,0.965143299767622,0.09992254066615028,6.19134819731944,0.9843144848954299,1,Sparse,PatchTST
设备9,9,/Users/leopold/Developer/fault-forecast/Time-Series-Library/dataset/fault_all_selected_cleaned/设备9_cleaned.csv,/Users/leopold/Developer/fault-forecast/Time-Series-Library/dataset/fault_all_selected_cleaned,设备9_cleaned.csv,1291,126,1,156dd70cc3fd73c7e2e4054b712067d076a65a7f37f8e75ae530e4b1b9affd15,0.9783113865220759,0.02943454686289698,7.131239067449578,1.0,0.0,0.0,1.0,0.0,0.0,0.9697908597986057,0.06816421378776143,6.245825051865638,0.9870255615801704,1,Sparse,PatchTST
设备10,10,/Users/leopold/Developer/fault-forecast/Time-Series-Library/dataset/fault_all_selected_cleaned/设备10_cleaned.csv,/Users/leopold/Developer/fault-forecast/Time-Series-Library/dataset/fault_all_selected_cleaned,设备10_cleaned.csv,3367,397,6,2bd3fd72bdd2dee49c0c8b02bc50ac69ce80b1be12d2f44b1fe246deb10d6f33,0.942975942975943,0.10692010692010692,4.818018521045327,0.9976239976239977,0.002673002673002673,21.35993711554992,0.9988119988119988,0.001188001188001188,28.99568933479597,0.9928719928719929,0.007128007128007128,11.802189062486105,0.9830709830709832,1,Sparse,PatchTST
设备11,11,/Users/leopold/Developer/fault-forecast/Time-Series-Library/dataset/fault_all_selected_cleaned/设备11_cleaned.csv,/Users/leopold/Developer/fault-forecast/Time-Series-Library/dataset/fault_all_selected_cleaned,设备11_cleaned.csv,3288,299,6,e99ccba3a82584469e5e0b03c041cb733beb90929086bf305032a999637bdb59,0.9492092457420924,0.08302919708029197,4.818740836902343,1.0,0.0,0.0,0.9996958637469586,0.0006082725060827251,57.33236433289666,0.9927007299270073,0.0072992700729927005,11.661903789690601,0.9854014598540146,1,Sparse,PatchTST
设备12,12,/Users/leopold/Developer/fault-forecast/Time-Series-Library/dataset/fault_all_selected_cleaned/设备12_cleaned.csv,/Users/leopold/Developer/fault-forecast/Time-Series-Library/dataset/fault_all_selected_cleaned,设备12_cleaned.csv,9291,4694,1,dc113d89d8e42b3febe226547db612324ccc475e3979a05f5cd1d370128839a3,0.7083198794532343,0.49079754601226994,2.5281019247857204,0.9989236895920783,0.0010763104079216446,30.464733709651885,0.9953718652459369,0.007211279733075019,15.395404822262565,0.9939726617156388,0.006134969325153374,12.950648564670962,0.9241470240017222,1,Sparse,PatchTST
设备13,13,/Users/leopold/Developer/fault-forecast/Time-Series-Library/dataset/fault_all_selected_cleaned/设备13_cleaned.csv,/Users/leopold/Developer/fault-forecast/Time-Series-Library/dataset/fault_all_selected_cleaned,设备13_cleaned.csv,4816,158,7,6f372d082fd49ea4a2c9974043061f354990444347910dadffbf3755aa5a2847,0.9933554817275747,0.006644518272425249,12.227019260637483,1.0,0.0,0.0,0.9910714285714286,0.014534883720930232,11.171647787399774,0.9883720930232558,0.011627906976744186,9.219544457292887,0.9931997508305648,1,Sparse,PatchTST
设备14,14,/Users/leopold/Developer/fault-forecast/Time-Series-Library/dataset/fault_all_selected_cleaned/设备14_cleaned.csv,/Users/leopold/Developer/fault-forecast/Time-Series-Library/dataset/fault_all_selected_cleaned,设备14_cleaned.csv,5707,633,3,082705beeae29cd647b55fb89f333056d75ec20e61a80b7d0d514864e43c248c,0.9793236376379885,0.02610828806728579,7.401494911922815,0.9998247765901525,0.00017522340984755565,75.53806987208503,1.0,0.0,0.0,0.9596986157350622,0.08463290695636937,5.574161881950283,0.9847117574908009,1,Sparse,PatchTST
设备15,15,/Users/leopold/Developer/fault-forecast/Time-Series-Library/dataset/fault_all_selected_cleaned/设备15_cleaned.csv,/Users/leopold/Developer/fault-forecast/Time-Series-Library/dataset/fault_all_selected_cleaned,设备15_cleaned.csv,2388,96,1,e26bbfd1e36ca4c2db18d24d49117208fc72a48c2023a970cc57794ff17d1366,0.9886934673366834,0.029731993299832497,13.95150583188736,1.0,0.0,0.0,0.9945561139028476,0.005862646566164154,13.92619027265548,0.9953936348408711,0.0046063651591289785,14.700030921426974,0.9946608040201005,1,Sparse,PatchTST
设备16,16,/Users/leopold/Developer/fault-forecast/Time-Series-Library/dataset/fault_all_selected_cleaned/设备16_cleaned.csv,/Users/leopold/Developer/fault-forecast/Time-Series-Library/dataset/fault_all_selected_cleaned,设备16_cleaned.csv,3129,65,7,6ce583384c94b65c1711a99d2e56bd8b6231eeaf18e80261a59d2e2bd590ba1c,0.99712368168744,0.0031959092361776927,19.351485731075016,0.9926494087567913,0.009268136784915308,12.608907256842395,1.0,0.0,0.0,0.991690635985938,0.008309364014062001,10.924566528982,0.9953659316075423,1,Sparse,PatchTST
设备17,17,/Users/leopold/Developer/fault-forecast/Time-Series-Library/dataset/fault_all_selected_cleaned/设备17_cleaned.csv,/Users/leopold/Developer/fault-forecast/Time-Series-Library/dataset/fault_all_selected_cleaned,设备17_cleaned.csv,7756,727,4,1a14e39038fcf977f4d4228729449fa67610e4c8c8eaa2fa43bb784936590651,0.9694430118617844,0.0870293965961836,6.3251762935141125,0.9980660134089737,0.0019339865910263023,22.717100753984138,1.0,0.0,0.0,0.9952294997421351,0.004770500257864879,14.443739876556267,0.9906846312532234,1,Sparse,PatchTST
设备18,18,/Users/leopold/Developer/fault-forecast/Time-Series-Library/dataset/fault_all_selected_cleaned/设备18_cleaned.csv,/Users/leopold/Developer/fault-forecast/Time-Series-Library/dataset/fault_all_selected_cleaned,设备18_cleaned.csv,4893,767,9,35750787155a7fe69260fbbf91d576c61a378702c3e80f724fd35ea2b8d8922f,0.9991825056202739,0.001226241569589209,36.85331283163926,1.0,0.0,0.0,0.9403229102799918,0.14755773554056817,4.665993874565835,0.9920294297976702,0.00797057020232986,11.15623316633076,0.9828837114244839,1,Sparse,PatchTST
设备19,19,/Users/leopold/Developer/fault-forecast/Time-Series-Library/dataset/fault_all_selected_cleaned/设备19_cleaned.csv,/Users/leopold/Developer/fault-forecast/Time-Series-Library/dataset/fault_all_selected_cleaned,设备19_cleaned.csv,6453,322,5,de4deefaf3b6e5f3e2a86e6baecefbc590344c39965293426d3e138832db9996,0.9882225321555865,0.014411901441190145,9.75943738676259,0.99814039981404,0.0018596001859600185,23.167865676406187,0.9987602665426933,0.004029133736246707,30.880184565778883,0.9786145978614598,0.029598636293196964,7.815829839157772,0.990934449093445,1,Sparse,PatchTST
设备20,20,/Users/leopold/Developer/fault-forecast/Time-Series-Library/dataset/fault_all_selected_cleaned/设备20_cleaned.csv,/Users/leopold/Developer/fault-forecast/Time-Series-Library/dataset/fault_all_selected_cleaned,设备20_cleaned.csv,3421,134,8,3a7d6364f28ce0a1086c6d83b9e6c48d10514df856b16e6900e0c4d2ae76cc5f,0.9932768196433791,0.011984799766150248,13.421018436449039,1.0,0.0,0.0,0.9964922537269805,0.007307804735457469,19.124099978822535,0.9885998246126864,0.019877228880444315,10.765409009502076,0.9945922244957615,1,Sparse,PatchTST
设备21,21,/Users/leopold/Developer/fault-forecast/Time-Series-Library/dataset/fault_all_selected_cleaned/设备21_cleaned.csv,/Users/leopold/Developer/fault-forecast/Time-Series-Library/dataset/fault_all_selected_cleaned,设备21_cleaned.csv,4236,62,8,1a238d75813f96bc38b76133d2ca5e4231966ad4af4bea62a9e7878fe1b819a9,0.9952785646836638,0.006846081208687441,16.914522463095963,0.9978753541076487,0.002360717658168083,22.52376522697749,1.0,0.0,0.0,0.9945703493862134,0.005429650613786591,13.53417574303948,0.9969310670443815,1,Sparse,PatchTST
设备22,22,/Users/leopold/Developer/fault-forecast/Time-Series-Library/dataset/fault_all_selected_cleaned/设备22_cleaned.csv,/Users/leopold/Developer/fault-forecast/Time-Series-Library/dataset/fault_all_selected_cleaned,设备22_cleaned.csv,2287,34,10,345b3278f265ea16019d1a5863366dd45d0f7be318e639ea847de48349d5b003,0.9965019676432006,0.004809794490599038,18.92394521444561,1.0,0.0,0.0,1.0,0.0,0.0,0.989943156974202,0.010056843025797988,9.92143047189747,0.9966112811543506,1,Sparse,PatchTST
设备23,23,/Users/leopold/Developer/fault-forecast/Time-Series-Library/dataset/fault_all_selected_cleaned/设备23_cleaned.csv,/Users/leopold/Developer/fault-forecast/Time-Series-Library/dataset/fault_all_selected_cleaned,设备23_cleaned.csv,6237,182,5,58639a035793585920f6ca589d6ea5d26f165bf3cd74e1185111ca7cb85b205d,0.9850889850889851,0.019079685746352413,8.72216283770683,1.0,0.0,0.0,1.0,0.0,0.0,0.98989898989899,0.010101010101010102,9.899494936611665,0.9937469937469938,1,Sparse,PatchTST
设备24,24,/Users/leopold/Developer/fault-forecast/Time-Series-Library/dataset/fault_all_selected_cleaned/设备24_cleaned.csv,/Users/leopold/Developer/fault-forecast/Time-Series-Library/dataset/fault_all_selected_cleaned,设备24_cleaned.csv,8774,465,2,3eec0d3881662f25bcf7dc22e28a342d43733f5ea8fc16665fadb76e632a9e1c,0.9720765899247777,0.04490540232505129,6.891625258148867,0.9992021882835651,0.0007978117164349213,35.38966758008009,1.0,0.0,0.0,0.9927057214497379,0.007294278550262138,11.6659225953201,0.9909961249145203,1,Sparse,PatchTST
设备25,25,/Users/leopold/Developer/fault-forecast/Time-Series-Library/dataset/fault_all_selected_cleaned/设备25_cleaned.csv,/Users/leopold/Developer/fault-forecast/Time-Series-Library/dataset/fault_all_selected_cleaned,设备25_cleaned.csv,5381,66,7,2d9fcf4f36eef15ec7a37d4a947ab88fd2dc24d72659b8589432c98e868ff29d,0.9998141609366289,0.00018583906337112061,73.34848328356898,1.0,0.0,0.0,1.0,0.0,0.0,0.9881062999442483,0.01207953911912284,9.183236592810108,0.9969801152202193,1,Sparse,PatchTST
设备26,26,/Users/leopold/Developer/fault-forecast/Time-Series-Library/dataset/fault_all_selected_cleaned/设备26_cleaned.csv,/Users/leopold/Developer/fault-forecast/Time-Series-Library/dataset/fault_all_selected_cleaned,设备26_cleaned.csv,4001,2064,7,1962884676d257d2e7be3682943509812a3443b064e6eb17e839dcc8ae2c3374,0.9170207448137966,0.5108722819295176,5.493556726003397,1.0,0.0,0.0,0.9997500624843789,0.00024993751562109475,63.245553203367585,0.9952511872031992,0.0047488127968008,14.47684176084069,0.9780054986253437,1,Sparse,PatchTST
设备27,27,/Users/leopold/Developer/fault-forecast/Time-Series-Library/dataset/fault_all_selected_cleaned/设备27_cleaned.csv,/Users/leopold/Developer/fault-forecast/Time-Series-Library/dataset/fault_all_selected_cleaned,设备27_cleaned.csv,8452,14714,3,b6aa50ef982c53900027c4803c809ff5315919d5978678e4d3241e3c343fd60c,0.6203265499290109,1.7139138665404638,1.4265873376927682,0.9986985328916232,0.0015380974917179365,29.141056662927525,0.9940842404164695,0.022953147184098438,15.293872633220163,0.9975153809749172,0.0024846190250828208,20.03687077555252,0.9026561760530052,0,Dense,Informer
设备28,28,/Users/leopold/Developer/fault-forecast/Time-Series-Library/dataset/fault_all_selected_cleaned/设备28_cleaned.csv,/Users/leopold/Developer/fault-forecast/Time-Series-Library/dataset/fault_all_selected_cleaned,设备28_cleaned.csv,8812,11960,2,ecb6d75ef41c1a12ee8d2c112628c9460a1006bb19b34d7168b5a19935b37d61,0.9776441216522923,0.07001815705855652,7.5824627668460085,0.9379255560599183,0.255901044030867,4.0910333536791095,0.8263731275533364,1.0290512936904221,2.1980118591356312,0.9977303676804358,0.0022696323195642307,20.9666401695646,0.9349182932364957,2,Intermittent,iTransformer
设备29,29,/Users/leopold/Developer/fault-forecast/Time-Series-Library/dataset/fault_all_selected_cleaned/设备29_cleaned.csv,/Users/leopold/Developer/fault-forecast/Time-Series-Library/dataset/fault_all_selected_cleaned,设备29_cleaned.csv,4237,220,9,ca455bc25c714ab4d32b93e71b683e12e479efab9e71e9c3bb66644401e1cd95,0.9801746518763276,0.04555109747462827,9.787725225454363,1.0,0.0,0.0,0.999291951852726,0.001180080245456691,39.04254090091986,0.9950436629690819,0.00519235308000944,14.460261877079509,0.9936275666745338,1,Sparse,PatchTST
设备30,30,/Users/leopold/Developer/fault-forecast/Time-Series-Library/dataset/fault_all_selected_cleaned/设备30_cleaned.csv,/Users/leopold/Developer/fault-forecast/Time-Series-Library/dataset/fault_all_selected_cleaned,设备30_cleaned.csv,6576,1732,5,7fe1a22c7b925deb5a2d13d072f9228a46b8e2673ca35fa610bd1104d35a4940,0.9647201946472019,0.06341240875912409,8.06639310478729,1.0,0.0,0.0,0.9660888077858881,0.19677615571776155,5.42409512836991,0.9968065693430657,0.0031934306569343066,17.66756511641763,0.9819038929440389,1,Sparse,PatchTST
设备31,31,/Users/leopold/Developer/fault-forecast/Time-Series-Library/dataset/fault_all_selected_cleaned/设备31_cleaned.csv,/Users/leopold/Developer/fault-forecast/Time-Series-Library/dataset/fault_all_selected_cleaned,设备31_cleaned.csv,3935,65,9,44b000fa5d817458c36aefdc43e7df2f4b5458c576aba27bb79c014fa3b6ea2b,0.990851334180432,0.011689961880559084,12.3081496661423,1.0,0.0,0.0,1.0,0.0,0.0,0.9951715374841169,0.0048284625158831005,14.356366641943035,0.9965057179161372,1,Sparse,PatchTST
设备32,32,/Users/leopold/Developer/fault-forecast/Time-Series-Library/dataset/fault_all_selected_cleaned/设备32_cleaned.csv,/Users/leopold/Developer/fault-forecast/Time-Series-Library/dataset/fault_all_selected_cleaned,设备32_cleaned.csv,5151,229,7,1f10254b4a4478ca2619691b271720d174ee7e8122e8bcd78a34477ee6e5a7f7,0.9710735779460299,0.03940982333527471,7.0266476767275226,1.0,0.0,0.0,0.9994175888177053,0.0009706853038245001,43.050667822926975,0.9959231217239372,0.004076878276062901,15.629642167551827,0.9916035721219181,1,Sparse,PatchTST
设备33,33,/Users/leopold/Developer/fault-forecast/Time-Series-Library/dataset/fault_all_selected_cleaned/设备33_cleaned.csv,/Users/leopold/Developer/fault-forecast/Time-Series-Library/dataset/fault_all_selected_cleaned,设备33_cleaned.csv,4935,107,9,a90f7632a95b047a539e9b08834100f6fee31ecfe2ac58225122b2122e9151c0,0.9894630192502533,0.011144883485309016,9.925507668595035,1.0,0.0,0.0,0.9987841945288753,0.004863221884498481,34.370681546923095,0.9943262411347518,0.005673758865248227,13.238202294873725,0.9956433637284701,1,Sparse,PatchTST
设备34,34,/Users/leopold/Developer/fault-forecast/Time-Series-Library/dataset/fault_all_selected_cleaned/设备34_cleaned.csv,/Users/leopold/Developer/fault-forecast/Time-Series-Library/dataset/fault_all_selected_cleaned,设备34_cleaned.csv,8046,119,2,2c199a586f7b1dc1c67f8d36e5916049c85f3dc7bbd02b5b1e2cfa1cdb264b18,0.9898086005468556,0.011682823763360677,10.317459831049677,1.0,0.0,0.0,1.0,0.0,0.0,0.9970171513795675,0.003107133979617201,18.616852580390706,0.9967064379816059,1,Sparse,PatchTST
设备35,35,/Users/leopold/Developer/fault-forecast/Time-Series-Library/dataset/fault_all_selected_cleaned/设备35_cleaned.csv,/Users/leopold/Developer/fault-forecast/Time-Series-Library/dataset/fault_all_selected_cleaned,设备35_cleaned.csv,3672,138,10,ff2107d537a2bb2338b423db892783edfe611dd264ff6d4663931942b7b6474b,0.9880174291938998,0.030773420479302833,10.111288488932257,0.9994553376906318,0.0005446623093681918,42.836899981207786,1.0,0.0,0.0,0.9937363834422658,0.006263616557734205,12.595720460261232,0.9953022875816993,1,Sparse,PatchTST
设备36,36,/Users/leopold/Developer/fault-forecast/Time-Series-Library/dataset/fault_all_selected_cleaned/设备36_cleaned.csv,/Users/leopold/Developer/fault-forecast/Time-Series-Library/dataset/fault_all_selected_cleaned,设备36_cleaned.csv,5755,11156,7,56d344309b149ef867add184eb63917fe0882a7a899bd32811359c7ad7356437,0.599131190269331,1.2168549087749783,1.3222769229033764,0.7141615986099045,0.7146828844483059,1.8705824481236815,0.998262380538662,0.0026064291920069507,25.2674582109963,0.9956559513466551,0.004344048653344918,15.139352694220449,0.8268027801911381,0,Dense,Informer
设备37,37,/Users/leopold/Developer/fault-forecast/Time-Series-Library/dataset/fault_all_selected_cleaned/设备37_cleaned.csv,/Users/leopold/Developer/fault-forecast/Time-Series-Library/dataset/fault_all_selected_cleaned,设备37_cleaned.csv,6155,2510,6,482bddf9059cb9a539170640cf235b36237019ca81b02c54915b3423c5aef13d,0.9770917952883834,0.03574329813160033,8.470000536653412,0.9091795288383429,0.36734362307067425,3.3380162462107945,1.0,0.0,0.0,0.9954508529650691,0.00471161657189277,15.029261985024633,0.9704305442729488,1,Sparse,PatchTST
设备38,38,/Users/leopold/Developer/fault-forecast/Time-Series-Library/dataset/fault_all_selected_cleaned/设备38_cleaned.csv,/Users/leopold/Developer/fault-forecast/Time-Series-Library/dataset/fault_all_selected_cleaned,设备38_cleaned.csv,2332,67,4,248fe99ad3e882f5e07cdb4891f1cf200a1fbf8e4a1f4479a28e12029c54c472,0.9939965694682675,0.006003430531732418,12.867456181057257,1.0,0.0,0.0,1.0,0.0,0.0,0.983704974271012,0.022727272727272728,9.459945350673852,0.9944253859348198,1,Sparse,PatchTST
设备39,39,/Users/leopold/Developer/fault-forecast/Time-Series-Library/dataset/fault_all_selected_cleaned/设备39_cleaned.csv,/Users/leopold/Developer/fault-forecast/Time-Series-Library/dataset/fault_all_selected_cleaned,设备39_cleaned.csv,3466,6956,2,484311639e0d61b83a3b2e25fdf4f6b7f86cf67fdab74d1859e14f393280ea6b,0.3465089440276976,1.9570109636468551,0.7317864047094897,0.999134448932487,0.0008655510675129833,33.97548135543238,0.9985574148874784,0.0014425851125216388,26.309694030908073,0.9748990190421235,0.04760530871321408,8.176548246692285,0.8297749567224467,0,Dense,Informer
设备40,40,/Users/leopold/Developer/fault-forecast/Time-Series-Library/dataset/fault_all_selected_cleaned/设备40_cleaned.csv,/Users/leopold/Developer/fault-forecast/Time-Series-Library/dataset/fault_all_selected_cleaned,设备40_cleaned.csv,2923,140,5,f07f9ef6e9e5d2ceb0a44bd2feaf3ce1990e1dee342839bfce1b023b8f72582c,0.9945261717413616,0.029079712624016422,20.1392728622134,0.9972630858706808,0.004447485460143688,23.133776121358487,0.996578857338351,0.0034211426616489907,17.067512999848574,0.9890523434827232,0.01094765651727677,9.504932929800187,0.9943551146082792,1,Sparse,PatchTST
设备41,41,/Users/leopold/Developer/fault-forecast/Time-Series-Library/dataset/fault_all_selected_cleaned/设备41_cleaned.csv,/Users/leopold/Developer/fault-forecast/Time-Series-Library/dataset/fault_all_selected_cleaned,设备41_cleaned.csv,626,8,0,90228026bfda5391f450b0887a6660bd42a32766b38fa788961a3993da9851e0,0.9984025559105432,0.003194888178913738,25.000000000000004,1.0,0.0,0.0,1.0,0.0,0.0,0.9904153354632588,0.009584664536741214,10.165300454651272,0.9972044728434504,1,Sparse,PatchTST
设备42,42,/Users/leopold/Developer/fault-forecast/Time-Series-Library/dataset/fault_all_selected_cleaned/设备42_cleaned.csv,/Users/leopold/Developer/fault-forecast/Time-Series-Library/dataset/fault_all_selected_cleaned,设备42_cleaned.csv,9271,9275,1,a7d35a66befa3c954787c0d40cc393b05072e77a2e21bd756edab7541a06adb1,0.9186711250134829,0.13277963542228455,4.182673390899575,0.9996764103117247,0.00032358968827526696,55.581771592252544,0.8525509653759034,0.86053284435336,2.432802948946268,0.9933124797756445,0.006795383453780606,12.281304323159446,0.9410527451191888,2,Intermittent,iTransformer
设备43,43,/Users/leopold/Developer/fault-forecast/Time-Series-Library/dataset/fault_all_selected_cleaned/设备43_cleaned.csv,/Users/leopold/Developer/fault-forecast/Time-Series-Library/dataset/fault_all_selected_cleaned,设备43_cleaned.csv,4754,1082,5,5ad7f849b3d05abd940ef849f7621228595ffc0321aadec4a0a452973a8ffc40,0.9838031131678586,0.048169962137147665,9.022456511202423,1.0,0.0,0.0,0.9650820361800589,0.1731173748422381,5.67129380203521,0.993689524610854,0.006310475389145982,12.548572295949315,0.985643668489693,1,Sparse,PatchTST
设备44,44,/Users/leopold/Developer/fault-forecast/Time-Series-Library/dataset/fault_all_selected_cleaned/设备44_cleaned.csv,/Users/leopold/Developer/fault-forecast/Time-Series-Library/dataset/fault_all_selected_cleaned,设备44_cleaned.csv,8341,451,2,e9d04afb14860e2c26707d91ba8bb58c4baf8f6735132b934704635b7039556e,0.9800983095552092,0.03344922671142549,8.330689833923117,1.0,0.0,0.0,0.9998801102985253,0.00011988970147464332,91.32360045464696,0.979498861047836,0.02050113895216401,6.912147117775908,0.9898693202253926,1,Sparse,PatchTST
设备45,45,/Users/leopold/Developer/fault-forecast/Time-Series-Library/dataset/fault_all_selected_cleaned/设备45_cleaned.csv,/Users/leopold/Developer/fault-forecast/Time-Series-Library/dataset/fault_all_selected_cleaned,设备45_cleaned.csv,8343,461,2,e42497854925c74d962d7e2e40051b693da02bbcc96fcf050e61fa001e10e715,0.9871748771425147,0.03463981781133885,9.11089288449097,1.0,0.0,0.0,0.9998801390387151,0.00011986096128490951,91.33454987024353,0.9795037756202805,0.020496224379719527,6.912993106043902,0.9916396979503774,1,Sparse,PatchTST
设备46,46,/Users/leopold/Developer/fault-forecast/Time-Series-Library/dataset/fault_all_selected_cleaned/设备46_cleaned.csv,/Users/leopold/Developer/fault-forecast/Time-Series-Library/dataset/fault_all_selected_cleaned,设备46_cleaned.csv,5932,6544,7,1f57a8cb84e7a074edd07a345ff2fcdf5d2f9fce85378525105a44568aad3365,0.7326365475387727,0.807316250842886,1.8635514486757934,0.9860080917060013,0.020060687795010114,9.303196592868591,0.9522926500337154,0.269217801753203,4.572490108253406,0.9934254888739042,0.006574511126095752,12.292378293176796,0.9160906945380984,1,Sparse,PatchTST
设备47,47,/Users/leopold/Developer/fault-forecast/Time-Series-Library/dataset/fault_all_selected_cleaned/设备47_cleaned.csv,/Users/leopold/Developer/fault-forecast/Time-Series-Library/dataset/fault_all_selected_cleaned,设备47_cleaned.csv,9278,3287,1,042f6d59b8fb660fb0d35baf303377648d5bde14daf8ea2a7eca34ad04059a88,0.8895236042250485,0.349967665445139,3.7846652662722167,0.9987066178055616,0.0012933821944384565,27.787887049336202,0.9995688726018539,0.0005389092476826903,50.95919936576711,0.9975210174606596,0.002478982539340375,20.05969352577018,0.9713300280232808,1,Sparse,PatchTST
设备48,48,/Users/leopold/Developer/fault-forecast/Time-Series-Library/dataset/fault_all_selected_cleaned/设备48_cleaned.csv,/Users/leopold/Developer/fault-forecast/Time-Series-Library/dataset/fault_all_selected_cleaned,设备48_cleaned.csv,2416,58,9,fd55ac7ce1bebc7c335c885d82e0be5b03e34855c9dfaa720530d91cda6962c0,0.9929635761589404,0.013245033112582781,12.995191418367025,1.0,0.0,0.0,0.9987582781456954,0.0012417218543046358,28.36077102854105,0.9904801324503312,0.009519867549668874,10.200170501558764,0.9955504966887418,1,Sparse,PatchTST
设备49,49,/Users/leopold/Developer/fault-forecast/Time-Series-Library/dataset/fault_all_selected_cleaned/设备49_cleaned.csv,/Users/leopold/Developer/fault-forecast/Time-Series-Library/dataset/fault_all_selected_cleaned,设备49_cleaned.csv,7820,265,3,ab1989d0bc8f88ffc181a8d3d6ccd42493d1cd7f8d3c8a00c414e6d5826d7e47,0.9938618925831202,0.00639386189258312,12.958086278459486,0.9996163682864451,0.0005115089514066496,54.143328305526246,0.9993606138107417,0.0006393861892583121,39.53479480154158,0.9796675191815857,0.026342710997442457,8.285945636381843,0.9931265984654731,1,Sparse,PatchTST
设备50,50,/Users/leopold/Developer/fault-forecast/Time-Series-Library/dataset/fault_all_selected_cleaned/设备50_cleaned.csv,/Users/leopold/Developer/fault-forecast/Time-Series-Library/dataset/fault_all_selected_cleaned,设备50_cleaned.csv,9220,1720,1,836659eb7586e3b549e6731a3ffdeb63bfa6143777011242e27a564ab8e7571b,0.9464208242950108,0.16399132321041215,5.468160856519061,0.9990238611713665,0.0009761388286334057,31.991318266749246,0.996529284164859,0.004989154013015184,18.40835883120011,0.9865509761388286,0.016594360086767897,9.568616289860985,0.9821312364425163,1,Sparse,PatchTST
设备51,51,/Users/leopold/Developer/fault-forecast/Time-Series-Library/dataset/fault_all_selected_cleaned/设备51_cleaned.csv,/Users/leopold/Developer/fault-forecast/Time-Series-Library/dataset/fault_all_selected_cleaned,设备51_cleaned.csv,9220,2226,1,7611693bc65932b614ffc76e14bda67b0ea193c69c922f9d2e52ffedfcc7182d,0.9731019522776573,0.08731019522776573,6.725048113921766,0.9998915401301518,0.00010845986984815618,96.01562372864116,0.9748373101952278,0.1374186550976139,6.448888045503612,0.9865509761388286,0.016594360086767897,9.609690365307467,0.9835954446854663,1,Sparse,PatchTST
设备52,52,/Users/leopold/Developer/fault-forecast/Time-Series-Library/dataset/fault_all_selected_cleaned/设备52_cleaned.csv,/Users/leopold/Developer/fault-forecast/Time-Series-Library/dataset/fault_all_selected_cleaned,设备52_cleaned.csv,8686,474,2,b7e8b96b70c6dc1f13ddba573898d3dae10a6516051ec28ee3e7defd0c79ef35,1.0,0.0,0.0,1.0,0.0,0.0,1.0,0.0,0.0,0.9692608795763298,0.05457057333640341,8.197343647654645,0.9923152198940824,1,Sparse,PatchTST
设备53,53,/Users/leopold/Developer/fault-forecast/Time-Series-Library/dataset/fault_all_selected_cleaned/设备53_cleaned.csv,/Users/leopold/Developer/fault-forecast/Time-Series-Library/dataset/fault_all_selected_cleaned,设备53_cleaned.csv,8395,246,3,7dabe098540e5da4ce0d0c9588ed6854ab6166e0c0b9e90deb1cf1adc7fcf653,1.0,0.0,0.0,1.0,0.0,0.0,1.0,0.0,0.0,0.9759380583680762,0.029303156640857652,6.9559770720511995,0.9939845145920191,1,Sparse,PatchTST
设备54,54,/Users/leopold/Developer/fault-forecast/Time-Series-Library/dataset/fault_all_selected_cleaned/设备54_cleaned.csv,/Users/leopold/Developer/fault-forecast/Time-Series-Library/dataset/fault_all_selected_cleaned,设备54_cleaned.csv,8218,998,3,8e730567d7b61bcb9aa2ddb1a3e8ac4c385513f592387ac58efb84183a7074d7,0.9638598199075201,0.08895108298856169,6.077851600099716,0.9951326356777804,0.007301046483329277,16.381934494368416,0.9998783158919445,0.00012168410805548795,90.64766957842878,0.9762715989291798,0.02506692625943052,6.598557099264343,0.9837855926016061,1,Sparse,PatchTST
设备55,55,/Users/leopold/Developer/fault-forecast/Time-Series-Library/dataset/fault_all_selected_cleaned/设备55_cleaned.csv,/Users/leopold/Developer/fault-forecast/Time-Series-Library/dataset/fault_all_selected_cleaned,设备55_cleaned.csv,8216,506,3,dff115976a240b56746bb146285c1531d6c1d1d9e79519faa2927c5e738825fa,0.9796738072054528,0.03614897760467381,7.351678179658918,1.0,0.0,0.0,1.0,0.0,0.0,0.9761441090555014,0.0254381694255112,6.629761137794763,0.9889544790652385,1,Sparse,PatchTST
设备56,56,/Users/leopold/Developer/fault-forecast/Time-Series-Library/dataset/fault_all_selected_cleaned/设备56_cleaned.csv,/Users/leopold/Developer/fault-forecast/Time-Series-Library/dataset/fault_all_selected_cleaned,设备56_cleaned.csv,8112,3691,3,50902282dee0081b66c7359054d9b1576321f3b049fca43755014cd80e9c1c12,0.9834812623274162,0.02342209072978304,9.499047918467445,0.9117357001972387,0.23754930966469429,3.833547045328947,0.9675788954635108,0.1930473372781065,5.475511353806487,0.9990138067061144,0.0009861932938856016,31.827660925679087,0.96545241617357,1,Sparse,PatchTST
设备57,57,/Users/leopold/Developer/fault-forecast/Time-Series-Library/dataset/fault_all_selected_cleaned/设备57_cleaned.csv,/Users/leopold/Developer/fault-forecast/Time-Series-Library/dataset/fault_all_selected_cleaned,设备57_cleaned.csv,8017,603,4,41e52dcefe03a78449f9e9d8af79cc609728689bfc7a5afae9ff7a6f010ca27d,0.9559685667955594,0.057502806536110763,4.999137422596319,0.999376325308719,0.0006236746912810278,40.0299887584296,0.9976300361731321,0.0027441686416365225,21.51263322863457,0.9859049519770487,0.01434451789946364,8.434325402220868,0.9847199700636149,1,Sparse,PatchTST
设备58,58,/Users/leopold/Developer/fault-forecast/Time-Series-Library/dataset/fault_all_selected_cleaned/设备58_cleaned.csv,/Users/leopold/Developer/fault-forecast/Time-Series-Library/dataset/fault_all_selected_cleaned,设备58_cleaned.csv,9294,10218,1,d22aa415c8534141bfcf2ef7011a39dd6497944d12adc90d3ba6b3fdcc5e04b6,0.7494082203572197,0.27168065418549603,1.87006047070718,0.8270927480094685,0.8265547665160319,2.6791502509039953,0.9993544222078761,0.0006455777921239509,39.344631145812,0.9994620185065634,0.0005379814934366257,43.10220411997512,0.8938293522702819,0,Dense,Informer
设备59,59,/Users/leopold/Developer/fault-forecast/Time-Series-Library/dataset/fault_all_selected_cleaned/设备59_cleaned.csv,/Users/leopold/Developer/fault-forecast/Time-Series-Library/dataset/fault_all_selected_cleaned,设备59_cleaned.csv,218,3,2,443ec31fde48ee29ce47ff637720481b2b8c5427052e4555d96c40a90ca67c45,1.0,0.0,0.0,1.0,0.0,0.0,1.0,0.0,0.0,0.9862385321100917,0.013761467889908258,8.465616732800195,0.9965596330275229,1,Sparse,PatchTST
设备60,60,/Users/leopold/Developer/fault-forecast/Time-Series-Library/dataset/fault_all_selected_cleaned/设备60_cleaned.csv,/Users/leopold/Developer/fault-forecast/Time-Series-Library/dataset/fault_all_selected_cleaned,设备60_cleaned.csv,8162,2348,3,ea834befa20db0cfa0d9f22c978b09ebf26af0ecc61358f6ecbedb99aa6ba6ff,0.9818671894143592,0.04202401372212693,9.164356100704774,0.8750306297476109,0.2443028669443764,3.160154518420346,0.999754962019113,0.0002450379808870375,63.87487769068525,0.9988973290860084,0.0011026709139916686,30.097988120286203,0.9638875275667729,1,Sparse,PatchTST
设备61,61,/Users/leopold/Developer/fault-forecast/Time-Series-Library/dataset/fault_all_selected_cleaned/设备61_cleaned.csv,/Users/leopold/Developer/fault-forecast/Time-Series-Library/dataset/fault_all_selected_cleaned,设备61_cleaned.csv,7064,746,5,d5674cf2ade63d8eb70483c49d941335688565e3d3077e1862be05d7fcfd979c,0.9840033975084937,0.03765571913929785,8.835731808655906,1.0,0.0,0.0,0.9865515288788222,0.06695922989807475,9.30007059925775,0.9990090600226501,0.0009909399773499433,31.751265441598658,0.9923909966024915,1,Sparse,PatchTST
设备62,62,/Users/leopold/Developer/fault-forecast/Time-Series-Library/dataset/fault_all_selected_cleaned/设备62_cleaned.csv,/Users/leopold/Developer/fault-forecast/Time-Series-Library/dataset/fault_all_selected_cleaned,设备62_cleaned.csv,271,5,2,8a1ad674e46827e9fe76646a36589f760f152768cc29c1403c4abd49cdf33f58,1.0,0.0,0.0,1.0,0.0,0.0,1.0,0.0,0.0,0.981549815498155,0.01845018450184502,7.293833011524188,0.9953874538745388,1,Sparse,PatchTST
设备63,63,/Users/leopold/Developer/fault-forecast/Time-Series-Library/dataset/fault_all_selected_cleaned/设备63_cleaned.csv,/Users/leopold/Developer/fault-forecast/Time-Series-Library/dataset/fault_all_selected_cleaned,设备63_cleaned.csv,9192,1454,1,51eb8255258ff48d8f803e82d7d731a5a2bdc479829955240b7832cd7a2401ac,0.947236727589208,0.15350304612706703,5.037527663584806,1.0,0.0,0.0,0.9998912097476066,0.0002175805047867711,95.86970324351694,0.9956483899042646,0.004460400348128808,15.30135514794275,0.9856940818102697,1,Sparse,PatchTST
设备64,64,/Users/leopold/Developer/fault-forecast/Time-Series-Library/dataset/fault_all_selected_cleaned/设备64_cleaned.csv,/Users/leopold/Developer/fault-forecast/Time-Series-Library/dataset/fault_all_selected_cleaned,设备64_cleaned.csv,9192,812,1,7a6d230ad03d84edebcb6c4db7914c371f9d07133721a5af3517e19f9e6690b3,0.9549608355091384,0.08365970409051349,5.255106544250252,1.0,0.0,0.0,1.0,0.0,0.0,0.9955395996518712,0.004677980852915578,15.252959886177686,0.9876251087902523,1,Sparse,PatchTST
设备65,65,/Users/leopold/Developer/fault-forecast/Time-Series-Library/dataset/fault_all_selected_cleaned/设备65_cleaned.csv,/Users/leopold/Developer/fault-forecast/Time-Series-Library/dataset/fault_all_selected_cleaned,设备65_cleaned.csv,8017,663,3,697ad4ac13fb341f75eb7f7deb69fe436a7969f85c3a9c8c4837d29aabd67bf3,0.960583759511039,0.07646251715105401,5.445941066450054,0.9991268554322066,0.0009978795060496446,35.37875421775052,0.9998752650617438,0.00012473493825620557,89.53211714239754,0.9952600723462642,0.005114132468504428,14.938262797909035,0.9887114880878134,1,Sparse,PatchTST
设备66,66,/Users/leopold/Developer/fault-forecast/Time-Series-Library/dataset/fault_all_selected_cleaned/设备66_cleaned.csv,/Users/leopold/Developer/fault-forecast/Time-Series-Library/dataset/fault_all_selected_cleaned,设备66_cleaned.csv,6923,384,5,2430649ba39f2f995ac92ddc4814429204d96db255e064dd65ded61f534853e9,0.9709663440704897,0.048967210746786075,6.211166458055731,0.9994222158023978,0.0007222302470027445,44.01636059466979,1.0,0.0,0.0,0.9946554961721797,0.005777841976021956,14.072535308180965,0.9912610140112668,1,Sparse,PatchTST
设备67,67,/Users/leopold/Developer/fault-forecast/Time-Series-Library/dataset/fault_all_selected_cleaned/设备67_cleaned.csv,/Users/leopold/Developer/fault-forecast/Time-Series-Library/dataset/fault_all_selected_cleaned,设备67_cleaned.csv,8808,820,2,3121ba94af7b3191f83900e2b5864a18e6c12fd089cfa1a1da464dc949acfe44,0.9495912806539509,0.08696639418710263,4.67089422138956,0.9981834695731153,0.0018165304268846503,23.441416339462084,1.0,0.0,0.0,0.9961398728428701,0.004314259763851045,17.781608351548716,0.9859786557674841,1,Sparse,PatchTST
设备68,68,/Users/leopold/Developer/fault-forecast/Time-Series-Library/dataset/fault_all_selected_cleaned/设备68_cleaned.csv,/Users/leopold/Developer/fault-forecast/Time-Series-Library/dataset/fault_all_selected_cleaned,设备68_cleaned.csv,2177,38,9,7be7e8ac7b9fa511f41f8d6281d7746e811708d2bb7fbb1962bc05200593192e,1.0,0.0,0.0,1.0,0.0,0.0,1.0,0.0,0.0,0.9848415250344511,0.017455213596692696,8.967237999558183,0.9962103812586127,1,Sparse,PatchTST
设备69,69,/Users/leopold/Developer/fault-forecast/Time-Series-Library/dataset/fault_all_selected_cleaned/设备69_cleaned.csv,/Users/leopold/Developer/fault-forecast/Time-Series-Library/dataset/fault_all_selected_cleaned,设备69_cleaned.csv,9128,2715,1,fb53a5fb542d69877f9cdd53310e9b8f8a215c876096de46dfc7bb32c8997d48,0.9272567922874672,0.29173970201577565,4.974128877638951,0.9978089395267309,0.0021910604732690623,21.340103092534484,0.9990140227870289,0.0017528483786152498,35.81375434103495,0.9985758106923751,0.0017528483786152498,31.58124443399911,0.9806638913234006,1,Sparse,PatchTST
设备70,70,/Users/leopold/Developer/fault-forecast/Time-Series-Library/dataset/fault_all_selected_cleaned/设备70_cleaned.csv,/Users/leopold/Developer/fault-forecast/Time-Series-Library/dataset/fault_all_selected_cleaned,设备70_cleaned.csv,9247,1392,1,ea6cd6f16143cae8eedf5c988fe5d3e852fe4c8a6fe7e1b58bb7c78f7fa797bf,0.9478749864821023,0.14729101330161135,5.66471701965411,1.0,0.0,0.0,0.9991348545474208,0.001514004542013626,36.3318042491699,0.9985941386395588,0.0017302909051584298,31.786642241671267,0.9864009949172704,1,Sparse,PatchTST
设备71,71,/Users/leopold/Developer/fault-forecast/Time-Series-Library/dataset/fault_all_selected_cleaned/设备71_cleaned.csv,/Users/leopold/Developer/fault-forecast/Time-Series-Library/dataset/fault_all_selected_cleaned,设备71_cleaned.csv,8934,1421,2,147c35ca6d4de27c3e0a5c7bde410614c892b9004bba2585112fc6bea070776f,0.9336243563913141,0.13577344974255653,4.557164498576943,0.996306245802552,0.003917618088202373,16.83536123031229,0.9998880680546228,0.00022386389075442132,94.5145491445629,0.984553391537945,0.019140362659503023,8.873742481754938,0.9785930154466085,1,Sparse,PatchTST
设备72,72,/Users/leopold/Developer/fault-forecast/Time-Series-Library/dataset/fault_all_selected_cleaned/设备72_cleaned.csv,/Users/leopold/Developer/fault-forecast/Time-Series-Library/dataset/fault_all_selected_cleaned,设备72_cleaned.csv,8934,1116,2,4856bb9ac27dde581bbcbfd370b36b847faad1eb856e91529a12ed5940da8cec,0.9393328856055518,0.10521602865457802,4.434715308133312,1.0,0.0,0.0,0.9998880680546228,0.00011193194537721066,94.5145491445629,0.9842175957018133,0.019588090441011865,8.768688264361495,0.980859637340497,1,Sparse,PatchTST
设备73,73,/Users/leopold/Developer/fault-forecast/Time-Series-Library/dataset/fault_all_selected_cleaned/设备73_cleaned.csv,/Users/leopold/Developer/fault-forecast/Time-Series-Library/dataset/fault_all_selected_cleaned,设备73_cleaned.csv,8861,2360,2,0e9a5a03ffcbc0a5007fd8b82bbdc5906ccb505e3d5fe6ade64fd999b71e1f61,0.9336418011511116,0.24139487642478274,4.802440195726126,0.9961629612910506,0.00440130910732423,17.207974849530977,0.9985328969642252,0.001805665274799684,27.577022817918547,0.9846518451642027,0.018733777226046723,8.653840384706513,0.9782473761426475,1,Sparse,PatchTST
设备74,74,/Users/leopold/Developer/fault-forecast/Time-Series-Library/dataset/fault_all_selected_cleaned/设备74_cleaned.csv,/Users/leopold/Developer/fault-forecast/Time-Series-Library/dataset/fault_all_selected_cleaned,设备74_cleaned.csv,8861,1177,2,f315a13b80922dc7497a9a9e5086d35216c6bfe8c9cebb0c1532a5956d2f736d,0.9670466087349058,0.11172553887823045,5.876290732787761,1.0,0.0,0.0,0.9981943347252004,0.0020313734341496446,24.508627858494503,0.9845389910845277,0.019072339465071662,8.624982461877863,0.9874449836361585,1,Sparse,PatchTST
设备75,75,/Users/leopold/Developer/fault-forecast/Time-Series-Library/dataset/fault_all_selected_cleaned/设备75_cleaned.csv,/Users/leopold/Developer/fault-forecast/Time-Series-Library/dataset/fault_all_selected_cleaned,设备75_cleaned.csv,7702,394,4,cc066db37be6483e50f9ed58b40b0eb0722dd7572ed16ab452ef5c9627c9ea07,1.0,0.0,0.0,1.0,0.0,0.0,1.0,0.0,0.0,0.9719553362762918,0.05115554401454168,7.974863237697295,0.9929888340690729,1,Sparse,PatchTST
设备76,76,/Users/leopold/Developer/fault-forecast/Time-Series-Library/dataset/fault_all_selected_cleaned/设备76_cleaned.csv,/Users/leopold/Developer/fault-forecast/Time-Series-Library/dataset/fault_all_selected_cleaned,设备76_cleaned.csv,7431,230,5,96f2a6d681b622503623d8cee36a03230ae4ca0e918f32fccbbab82e18ea62ec,1.0,0.0,0.0,1.0,0.0,0.0,1.0,0.0,0.0,0.974566007266855,0.030951419728165792,6.734682964429726,0.9936415018167137,1,Sparse,PatchTST
设备77,77,/Users/leopold/Developer/fault-forecast/Time-Series-Library/dataset/fault_all_selected_cleaned/设备77_cleaned.csv,/Users/leopold/Developer/fault-forecast/Time-Series-Library/dataset/fault_all_selected_cleaned,设备77_cleaned.csv,1342,18,9,897224f9717136f3f09011f66fc79527b79f44fe8e8dfd0bb8dfe729223899d7,1.0,0.0,0.0,1.0,0.0,0.0,1.0,0.0,0.0,0.9865871833084948,0.013412816691505217,8.576453553512405,0.9966467958271237,1,Sparse,PatchTST
设备78,78,/Users/leopold/Developer/fault-forecast/Time-Series-Library/dataset/fault_all_selected_cleaned/设备78_cleaned.csv,/Users/leopold/Developer/fault-forecast/Time-Series-Library/dataset/fault_all_selected_cleaned,设备78_cleaned.csv,5677,1481,6,a38241e918776b6dfe9fea38c5431fdc310f0702b9a47ef16b145455a8822968,0.920732781398626,0.24555222828958959,4.71436678289602,0.9984146556279725,0.0031706887440549588,32.40827512065855,0.9996477012506606,0.0005284481240091598,56.15059117132152,0.9885502906464682,0.011625858728201514,9.360644809949521,0.9768363572309319,1,Sparse,PatchTST
设备79,79,/Users/leopold/Developer/fault-forecast/Time-Series-Library/dataset/fault_all_selected_cleaned/设备79_cleaned.csv,/Users/leopold/Developer/fault-forecast/Time-Series-Library/dataset/fault_all_selected_cleaned,设备79_cleaned.csv,8005,459,4,73bcaed75e61b565a9e818056f727d931874fce120b0a7d301ee97e4cc1bd35b,0.968894440974391,0.04584634603372892,6.478442163108231,0.9977514053716428,0.002248594628357277,21.064715099479084,0.9998750780762024,0.00012492192379762648,89.46507698538014,0.9912554653341662,0.009119300437226733,10.847602604577743,0.9894440974391006,1,Sparse,PatchTST
设备80,80,/Users/leopold/Developer/fault-forecast/Time-Series-Library/dataset/fault_all_selected_cleaned/设备80_cleaned.csv,/Users/leopold/Developer/fault-forecast/Time-Series-Library/dataset/fault_all_selected_cleaned,设备80_cleaned.csv,8893,417,2,26f5b49b818cd5dadb414a1c14cd58bff9ec868d15a6466c0c700d148e8870bf,0.9758236815472844,0.028899134150455415,6.821201450788319,0.9997751040143933,0.0002248959856066569,66.67458286333705,1.0,0.0,0.0,0.9825705611154841,0.017766782862925896,7.577744254030382,0.9895423366692905,1,Sparse,PatchTST
设备81,81,/Users/leopold/Developer/fault-forecast/Time-Series-Library/dataset/fault_all_selected_cleaned/设备81_cleaned.csv,/Users/leopold/Developer/fault-forecast/Time-Series-Library/dataset/fault_all_selected_cleaned,设备81_cleaned.csv,964,70,0,adb63072ffa1ac45583c778329227da89d0836fc359857270c75adedf14bbbc3,0.9979253112033195,0.002074688796680498,21.931712199461316,0.9937759336099585,0.014522821576763486,13.990521572748857,0.9782157676348547,0.03319502074688797,8.286378129194926,0.979253112033195,0.022821576763485476,7.126368217187641,0.987292531120332,1,Sparse,PatchTST
设备82,82,/Users/leopold/Developer/fault-forecast/Time-Series-Library/dataset/fault_all_selected_cleaned/设备82_cleaned.csv,/Users/leopold/Developer/fault-forecast/Time-Series-Library/dataset/fault_all_selected_cleaned,设备82_cleaned.csv,8838,806,2,2b9243f85016f13cba0a8b0d5783aaade8c271cd847fe647ba20d20c9e3734ba,0.9443312966734555,0.08508712378366146,4.793138350703163,0.9988685222901109,0.0012446254808780267,30.79833096261297,0.9995474089160443,0.0005657388549445576,49.73570146283251,0.996152975786377,0.004299615297578638,16.74941599841883,0.984725050916497,1,Sparse,PatchTST
设备83,83,/Users/leopold/Developer/fault-forecast/Time-Series-Library/dataset/fault_all_selected_cleaned/设备83_cleaned.csv,/Users/leopold/Developer/fault-forecast/Time-Series-Library/dataset/fault_all_selected_cleaned,设备83_cleaned.csv,9271,2506,1,84639f54af80ebb450ae46900fe2a76a3cc084c56a9b083d4bfd61a8d4bcfb18,0.9998921367705749,0.00010786322942508899,96.28083921528726,0.9956854708229964,0.004853845324129005,15.8368222276947,0.9908316254988674,0.014237946284111746,14.296283559010456,0.9100420666594757,0.25110559810160715,4.794088400083775,0.9741128249379787,1,Sparse,PatchTST
设备84,84,/Users/leopold/Developer/fault-forecast/Time-Series-Library/dataset/fault_all_selected_cleaned/设备84_cleaned.csv,/Users/leopold/Developer/fault-forecast/Time-Series-Library/dataset/fault_all_selected_cleaned,设备84_cleaned.csv,2085,40,9,333fa6ea6705a29a887bb8cb0600d514d9d9f36258d9dfd28e7ca04a056b9c08,1.0,0.0,0.0,1.0,0.0,0.0,1.0,0.0,0.0,0.9827338129496402,0.019184652278177457,7.8453808065638215,0.99568345323741,1,Sparse,PatchTST
设备85,85,/Users/leopold/Developer/fault-forecast/Time-Series-Library/dataset/fault_all_selected_cleaned/设备85_cleaned.csv,/Users/leopold/Developer/fault-forecast/Time-Series-Library/dataset/fault_all_selected_cleaned,设备85_cleaned.csv,9248,2753,1,45554beee1ece6d5a75dd4ad3e3fb6612652520b36679373c89296a81092a60d,0.9097102076124568,0.2829801038062284,3.681374988208618,0.9997837370242214,0.0006487889273356401,81.71971066463166,0.9925389273356401,0.011786332179930796,14.327323522201292,0.9978373702422145,0.0022707612456747406,21.939051836049174,0.9749675605536332,1,Sparse,PatchTST
设备86,86,/Users/leopold/Developer/fault-forecast/Time-Series-Library/dataset/fault_all_selected_cleaned/设备86_cleaned.csv,/Users/leopold/Developer/fault-forecast/Time-Series-Library/dataset/fault_all_selected_cleaned,设备86_cleaned.csv,9293,13168,1,6f9f56d1f76e302fc30657e98d143021fa0a2957708278516954c5d6d8397390,0.8982029484558269,0.3072204885397611,3.524868960385253,0.982459916065856,0.022274830517593887,8.38765881335212,0.8143764123533843,1.0850102227483052,2.1273900744455276,0.997632626708275,0.002474981168621543,20.93269437415582,0.9231679758958355,2,Intermittent,iTransformer
