Device_Name,Start,End,Removed_Hours
设备0,2013-01-10 08:34:27,2013-04-08 10:34:27,2115
设备0,2013-05-21 16:34:27,2013-06-13 07:34:27,544
设备0,2013-06-14 11:34:27,2013-07-01 08:34:27,406
设备0,2013-07-01 11:34:27,2013-08-15 14:34:27,1084
设备0,2013-12-26 10:34:27,2014-01-21 13:34:27,628
设备0,2014-02-14 11:34:27,2014-03-04 07:34:27,429
设备1,2013-01-30 09:34:27,2013-02-13 16:34:27,344
设备1,2013-02-13 18:34:27,2013-03-05 11:34:27,474
设备1,2013-05-14 02:34:27,2013-06-06 08:34:27,559
设备1,2013-06-14 11:34:27,2013-06-29 18:34:27,368
设备1,2013-07-03 10:34:27,2013-09-14 12:34:27,1755
设备1,2013-09-14 17:34:27,2013-10-12 07:34:27,663
设备1,2013-12-21 03:34:27,2014-01-13 13:34:27,563
设备1,2014-01-16 15:34:27,2014-01-30 23:34:27,345
设备1,2014-01-31 01:34:27,2014-02-17 08:34:27,416
设备2,2013-07-04 13:34:27,2013-08-15 13:34:27,1009
设备2,2014-01-27 18:34:27,2014-02-15 13:34:27,452
设备3,2013-01-10 08:34:27,2013-02-05 12:34:27,629
设备3,2013-02-18 16:34:27,2013-03-04 21:34:27,342
设备3,2013-05-19 12:34:27,2013-06-06 15:34:27,436
设备3,2013-06-28 10:34:27,2013-08-25 18:34:27,1401
设备3,2013-09-13 20:34:27,2013-09-29 16:34:27,381
设备3,2014-01-24 12:34:27,2014-02-15 18:34:27,535
设备3,2014-02-15 20:34:27,2014-03-05 16:34:27,429
设备4,2013-02-05 10:34:27,2013-03-13 18:34:27,873
设备4,2013-03-13 21:34:27,2013-04-10 18:34:27,670
设备4,2013-04-18 14:34:27,2013-05-13 09:34:27,596
设备4,2013-05-13 14:34:27,2013-06-04 07:34:27,522
设备4,2013-06-18 15:34:27,2013-08-22 15:34:27,1561
设备4,2013-09-16 15:34:27,2013-10-09 15:34:27,553
设备4,2013-11-29 22:34:27,2013-12-27 09:34:27,660
设备4,2014-01-21 13:34:27,2014-02-17 08:34:27,644
设备5,2013-02-05 10:34:27,2013-03-01 09:34:27,576
设备5,2013-07-02 10:34:27,2013-08-15 14:34:27,1061
设备6,2013-01-10 08:34:27,2013-02-05 08:34:27,625
设备6,2013-02-05 10:34:27,2013-03-01 09:34:27,576
设备6,2013-07-01 11:34:27,2013-08-15 14:34:27,1084
设备7,2013-01-10 08:34:27,2013-09-17 11:34:27,6004
设备7,2013-12-21 11:34:27,2014-03-11 11:34:27,1921
设备8,2013-01-10 08:34:27,2013-03-05 16:34:27,1305
设备8,2013-04-17 18:34:27,2013-05-03 08:34:27,375
设备8,2013-05-14 03:34:27,2014-03-11 11:34:27,7233
设备9,2013-01-10 08:34:27,2013-03-05 16:34:27,1305
设备9,2013-04-17 18:34:27,2013-05-03 08:34:27,375
设备9,2013-05-14 03:34:27,2014-03-11 11:34:27,7233
设备10,2013-01-10 08:34:27,2013-03-21 16:34:27,1689
设备10,2013-03-21 18:34:27,2013-04-14 14:34:27,573
设备10,2013-05-02 10:34:27,2013-09-03 09:34:27,2976
设备10,2013-09-10 11:34:27,2013-09-30 08:34:27,478
设备10,2013-12-24 09:34:27,2014-01-10 09:34:27,409
设备10,2014-01-23 17:34:27,2014-02-07 15:34:27,359
设备10,2014-02-20 17:34:27,2014-03-07 09:34:27,353
设备11,2013-01-10 08:34:27,2013-03-21 16:34:27,1689
设备11,2013-03-21 18:34:27,2013-04-14 14:34:27,573
设备11,2013-05-02 10:34:27,2013-09-03 09:34:27,2976
设备11,2013-09-10 11:34:27,2013-09-30 09:34:27,479
设备11,2013-12-21 03:34:27,2014-01-10 09:34:27,487
设备11,2014-01-23 17:34:27,2014-02-07 15:34:27,359
设备11,2014-02-20 17:34:27,2014-03-07 09:34:27,353
设备12,2013-07-08 09:34:27,2013-08-15 09:34:27,913
设备13,2013-01-25 11:34:27,2013-03-13 18:34:27,1136
设备13,2013-06-29 22:34:27,2013-08-15 21:34:27,1128
设备13,2013-09-09 15:34:27,2013-10-13 11:34:27,813
设备13,2013-10-30 18:34:27,2013-11-19 19:34:27,482
设备13,2013-11-29 22:34:27,2013-12-15 05:34:27,368
设备13,2013-12-15 11:34:27,2014-01-13 13:34:27,699
设备13,2014-01-16 15:34:27,2014-02-17 08:34:27,762
设备14,2013-01-10 08:34:27,2013-04-08 07:34:27,2112
设备14,2013-06-09 11:34:27,2013-06-27 13:34:27,435
设备14,2013-07-01 12:34:27,2013-08-22 14:34:27,1251
设备14,2013-08-27 11:34:27,2013-09-25 13:34:27,699
设备15,2013-04-18 14:34:27,2013-05-13 09:34:27,596
设备15,2013-05-14 16:34:27,2014-03-11 11:34:27,7220
设备16,2013-02-16 08:34:27,2013-03-13 18:34:27,611
设备16,2013-03-27 21:34:27,2013-04-16 12:34:27,472
设备16,2013-04-18 14:34:27,2013-05-13 10:34:27,597
设备16,2013-05-14 16:34:27,2013-10-24 07:34:27,3904
设备16,2013-10-30 12:34:27,2013-11-25 16:34:27,629
设备16,2013-12-02 02:34:27,2013-12-19 09:34:27,416
设备16,2014-01-29 19:34:27,2014-02-17 08:34:27,446
设备17,2013-06-06 17:34:27,2013-06-25 07:34:27,447
设备17,2013-07-04 10:34:27,2013-08-15 13:34:27,1012
设备17,2013-09-06 09:34:27,2013-09-23 14:34:27,414
设备17,2014-01-23 16:34:27,2014-02-16 14:34:27,575
设备18,2013-03-09 02:34:27,2013-04-09 13:34:27,756
设备18,2013-04-09 15:34:27,2013-04-29 19:34:27,485
设备18,2013-06-06 17:34:27,2013-06-25 23:34:27,463
设备18,2013-07-03 19:34:27,2013-08-28 20:34:27,1346
设备18,2013-08-28 22:34:27,2013-09-23 14:34:27,617
设备18,2013-09-23 16:34:27,2013-10-08 08:34:27,353
设备18,2013-10-18 04:34:27,2013-11-08 08:34:27,509
设备18,2014-01-13 15:34:27,2014-01-29 18:34:27,388
设备18,2014-02-14 15:34:27,2014-03-03 00:34:27,394
设备19,2013-01-10 08:34:27,2013-02-01 10:34:27,531
设备19,2013-02-01 12:34:27,2013-02-22 12:34:27,505
设备19,2013-06-06 17:34:27,2013-06-25 23:34:27,463
设备19,2013-07-05 18:34:27,2013-08-21 09:34:27,1120
设备19,2014-01-13 15:34:27,2014-02-11 13:34:27,695
设备19,2014-02-11 15:34:27,2014-03-01 19:34:27,437
设备20,2013-01-10 08:34:27,2013-02-26 14:34:27,1135
设备20,2013-03-09 02:34:27,2013-04-09 13:34:27,756
设备20,2013-04-09 15:34:27,2013-04-29 19:34:27,485
设备20,2013-06-06 17:34:27,2013-06-25 23:34:27,463
设备20,2013-07-03 19:34:27,2013-08-28 20:34:27,1346
设备20,2013-08-29 08:34:27,2013-09-23 14:34:27,607
设备20,2013-09-23 19:34:27,2013-10-08 08:34:27,350
设备20,2013-10-18 05:34:27,2013-11-08 08:34:27,508
设备20,2014-01-13 15:34:27,2014-03-01 19:34:27,1133
设备21,2013-01-29 10:34:27,2013-03-13 18:34:27,1041
设备21,2013-03-25 11:34:27,2013-04-18 12:34:27,578
设备21,2013-05-13 12:34:27,2013-06-06 08:34:27,573
设备21,2013-06-14 11:34:27,2013-06-29 19:34:27,369
设备21,2013-06-29 21:34:27,2013-08-23 14:34:27,1314
设备21,2013-09-25 20:34:27,2013-10-12 18:34:27,407
设备21,2013-11-29 22:34:27,2014-01-07 09:34:27,924
设备21,2014-01-16 15:34:27,2014-02-17 08:34:27,762
设备22,2013-01-29 10:34:27,2013-03-13 18:34:27,1041
设备22,2013-03-22 12:34:27,2013-04-18 12:34:27,649
设备22,2013-04-18 14:34:27,2013-05-13 10:34:27,597
设备22,2013-05-13 12:34:27,2013-06-06 08:34:27,573
设备22,2013-06-14 11:34:27,2013-09-04 10:34:27,1968
设备22,2013-09-04 12:34:27,2013-09-27 14:34:27,555
设备22,2013-09-27 20:34:27,2013-10-16 09:34:27,446
设备22,2013-10-30 12:34:27,2013-11-18 17:34:27,462
设备22,2013-11-29 22:34:27,2014-01-07 09:34:27,924
设备22,2014-01-19 03:34:27,2014-02-17 08:34:27,702
设备23,2013-01-25 16:34:27,2013-03-13 18:34:27,1131
设备23,2013-06-29 19:34:27,2013-08-15 22:34:27,1132
设备23,2013-09-24 10:34:27,2013-10-10 15:34:27,390
设备23,2013-12-21 14:34:27,2014-01-13 13:34:27,552
设备23,2014-01-16 15:34:27,2014-02-17 08:34:27,762
设备24,2013-07-01 18:34:27,2013-08-15 08:34:27,1071
设备24,2014-01-23 10:34:27,2014-02-07 08:34:27,359
设备25,2013-01-25 16:34:27,2013-03-13 18:34:27,1131
设备25,2013-06-29 19:34:27,2013-08-15 22:34:27,1132
设备25,2013-09-24 10:34:27,2013-10-10 15:34:27,390
设备25,2013-10-30 12:34:27,2013-11-19 19:34:27,488
设备25,2013-11-29 22:34:27,2013-12-15 05:34:27,368
设备25,2013-12-21 14:34:27,2014-01-13 13:34:27,552
设备25,2014-01-16 15:34:27,2014-02-17 08:34:27,762
设备26,2013-01-25 11:34:27,2013-03-13 18:34:27,1136
设备26,2013-03-13 20:34:27,2013-04-18 12:34:27,857
设备26,2013-04-18 14:34:27,2013-05-12 07:34:27,570
设备26,2013-05-13 14:34:27,2013-06-03 04:34:27,495
设备26,2013-06-14 11:34:27,2013-08-15 06:34:27,1484
设备26,2013-08-22 10:34:27,2013-09-25 14:34:27,821
设备26,2014-01-16 15:34:27,2014-02-20 14:34:27,840
设备27,2013-02-05 10:34:27,2013-02-21 19:34:27,394
设备27,2013-07-04 17:34:27,2013-08-15 07:34:27,999
设备27,2014-01-23 17:34:27,2014-02-07 15:34:27,359
设备28,2013-02-05 10:34:27,2013-02-21 19:34:27,394
设备28,2013-07-04 17:34:27,2013-08-15 06:34:27,998
设备29,2013-01-25 11:34:27,2013-02-20 04:34:27,618
设备29,2013-02-23 07:34:27,2013-03-13 17:34:27,443
设备29,2013-03-25 11:34:27,2013-04-18 12:34:27,578
设备29,2013-05-13 14:34:27,2013-06-06 08:34:27,571
设备29,2013-06-16 03:34:27,2013-08-22 08:34:27,1614
设备29,2013-08-22 15:34:27,2013-09-12 08:34:27,498
设备29,2013-09-12 12:34:27,2013-10-08 06:34:27,619
设备29,2013-12-20 17:34:27,2014-01-13 13:34:27,573
设备29,2014-01-29 12:34:27,2014-02-17 08:34:27,453
设备30,2013-01-28 18:34:27,2013-02-19 07:34:27,518
设备30,2013-03-14 08:34:27,2013-04-08 09:34:27,602
设备30,2013-04-18 14:34:27,2013-05-09 08:34:27,499
设备30,2013-06-17 12:34:27,2013-08-15 07:34:27,1412
设备30,2014-01-16 18:34:27,2014-02-10 14:34:27,597
设备31,2013-01-25 11:34:27,2013-02-13 20:34:27,466
设备31,2013-02-14 01:34:27,2013-03-13 18:34:27,666
设备31,2013-03-13 20:34:27,2013-04-02 13:34:27,474
设备31,2013-04-02 15:34:27,2013-04-18 12:34:27,382
设备31,2013-04-18 14:34:27,2013-05-13 10:34:27,597
设备31,2013-05-13 12:34:27,2013-06-06 08:34:27,573
设备31,2013-06-17 18:34:27,2013-08-15 20:34:27,1419
设备31,2013-09-02 09:34:27,2013-10-25 09:34:27,1273
设备31,2013-11-29 22:34:27,2013-12-17 08:34:27,419
设备32,2013-01-25 11:34:27,2013-02-26 14:34:27,772
设备32,2013-05-13 21:34:27,2013-06-06 08:34:27,564
设备32,2013-06-14 11:34:27,2013-08-16 07:34:27,1509
设备32,2013-08-23 15:34:27,2013-09-13 08:34:27,498
设备32,2013-09-13 10:34:27,2013-09-29 11:34:27,386
设备32,2013-12-21 01:34:27,2014-01-13 13:34:27,565
设备32,2014-01-16 18:34:27,2014-02-17 08:34:27,759
设备33,2013-01-25 11:34:27,2013-02-21 09:34:27,647
设备33,2013-02-21 11:34:27,2013-03-13 10:34:27,480
设备33,2013-03-28 08:34:27,2013-04-16 10:34:27,459
设备33,2013-05-22 18:34:27,2013-06-06 08:34:27,351
设备33,2013-06-14 11:34:27,2013-06-29 18:34:27,368
设备33,2013-06-29 21:34:27,2013-08-16 10:34:27,1142
设备33,2013-08-16 12:34:27,2013-09-05 10:34:27,479
设备33,2013-09-09 09:34:27,2013-10-14 21:34:27,853
设备33,2013-12-24 04:34:27,2014-01-13 13:34:27,490
设备34,2013-02-13 18:34:27,2013-03-22 20:34:27,891
设备34,2013-06-29 20:34:27,2013-08-21 14:34:27,1267
设备35,2013-01-29 10:34:27,2013-03-13 18:34:27,1041
设备35,2013-03-22 12:34:27,2013-04-18 12:34:27,649
设备35,2013-04-18 14:34:27,2013-05-13 10:34:27,597
设备35,2013-05-13 12:34:27,2013-06-06 08:34:27,573
设备35,2013-06-14 11:34:27,2013-06-29 18:34:27,368
设备35,2013-06-29 20:34:27,2013-08-20 15:34:27,1244
设备35,2013-09-28 21:34:27,2013-10-17 08:34:27,444
设备35,2013-10-30 12:34:27,2013-11-15 08:34:27,381
设备35,2013-12-18 17:34:27,2014-01-07 09:34:27,473
设备35,2014-01-16 15:34:27,2014-02-17 08:34:27,762
设备36,2013-01-29 12:34:27,2013-02-25 17:34:27,654
设备36,2013-04-02 10:34:27,2013-04-18 12:34:27,387
设备36,2013-04-18 14:34:27,2013-05-13 09:34:27,596
设备36,2013-05-13 14:34:27,2013-06-06 08:34:27,571
设备36,2013-06-14 16:34:27,2013-07-02 09:34:27,426
设备36,2013-07-02 12:34:27,2013-08-15 08:34:27,1053
设备36,2014-01-16 15:34:27,2014-02-17 08:34:27,762
设备37,2013-01-25 11:34:27,2013-02-17 08:34:27,550
设备37,2013-02-28 22:34:27,2013-04-10 07:34:27,970
设备37,2013-05-18 17:34:27,2013-06-06 08:34:27,448
设备37,2013-06-25 17:34:27,2013-08-15 15:34:27,1223
设备37,2013-09-11 22:34:27,2013-09-29 13:34:27,424
设备37,2013-09-29 20:34:27,2013-10-17 21:34:27,434
设备38,2013-01-10 08:34:27,2013-03-04 16:34:27,1281
设备38,2013-03-13 20:34:27,2013-04-18 12:34:27,857
设备38,2013-05-01 02:34:27,2013-05-31 14:34:27,733
设备38,2013-07-02 11:34:27,2013-10-24 07:34:27,2733
设备38,2013-11-29 22:34:27,2013-12-31 08:34:27,755
设备38,2014-01-07 11:34:27,2014-03-11 11:34:27,1513
设备39,2013-01-10 08:34:27,2013-08-15 07:34:27,5208
设备39,2013-08-15 09:34:27,2013-09-16 08:34:27,768
设备39,2014-01-16 15:34:27,2014-02-17 08:34:27,762
设备40,2013-01-19 11:34:27,2013-04-18 15:34:27,2141
设备40,2013-06-28 10:34:27,2013-12-01 09:34:27,3744
设备40,2013-12-12 01:34:27,2014-01-03 10:34:27,538
设备40,2014-01-03 12:34:27,2014-01-24 07:34:27,500
设备40,2014-02-11 16:34:27,2014-02-26 13:34:27,358
设备41,2013-02-05 10:34:27,2014-03-11 11:34:27,9578
设备42,2013-07-07 11:34:27,2013-08-15 07:34:27,933
设备43,2013-01-18 17:34:27,2013-02-05 12:34:27,428
设备43,2013-03-09 09:34:27,2013-03-25 16:34:27,392
设备43,2013-06-15 09:34:27,2013-11-26 15:34:27,3943
设备43,2014-02-01 01:34:27,2014-02-15 13:34:27,349
设备43,2014-02-18 00:34:27,2014-03-04 01:34:27,338
设备44,2013-05-27 17:34:27,2013-06-14 09:34:27,425
设备44,2013-06-17 10:34:27,2013-08-16 07:34:27,1438
设备45,2013-05-27 17:34:27,2013-06-14 07:34:27,423
设备45,2013-06-17 10:34:27,2013-08-16 07:34:27,1438
设备46,2013-02-05 19:34:27,2013-03-25 14:34:27,1148
设备46,2013-05-13 14:34:27,2013-06-01 18:34:27,461
设备46,2013-06-01 20:34:27,2013-06-17 07:34:27,372
设备46,2013-06-18 17:34:27,2013-07-04 15:34:27,383
设备46,2013-07-05 10:34:27,2013-08-15 07:34:27,982
设备46,2013-08-15 09:34:27,2013-09-02 16:34:27,440
设备46,2014-01-23 10:34:27,2014-02-12 15:34:27,486
设备47,2013-07-07 18:34:27,2013-08-15 07:34:27,926
设备48,2013-01-19 08:34:27,2013-02-05 17:34:27,418
设备48,2013-02-05 19:34:27,2013-03-11 15:34:27,813
设备48,2013-03-11 17:34:27,2013-04-06 14:34:27,622
设备48,2013-04-18 20:34:27,2013-05-13 09:34:27,590
设备48,2013-06-13 18:34:27,2013-07-04 15:34:27,502
设备48,2013-07-05 10:34:27,2013-09-03 09:34:27,1440
设备48,2013-09-14 15:34:27,2013-10-19 14:34:27,840
设备48,2013-10-22 21:34:27,2013-11-07 14:34:27,378
设备48,2013-12-07 12:34:27,2014-01-10 15:34:27,820
设备48,2014-01-13 15:34:27,2014-03-11 11:34:27,1365
设备49,2013-01-25 15:34:27,2013-02-26 07:34:27,761
设备49,2013-07-04 09:34:27,2013-08-19 14:34:27,1110
设备49,2014-01-28 01:34:27,2014-02-18 09:34:27,513
设备50,2013-07-05 10:34:27,2013-08-15 09:34:27,984
设备51,2013-07-05 10:34:27,2013-08-15 09:34:27,984
设备52,2013-07-05 12:34:27,2013-08-15 09:34:27,982
设备52,2014-01-27 02:34:27,2014-02-18 09:34:27,536
设备53,2013-01-28 19:34:27,2013-02-17 08:34:27,470
设备53,2013-02-17 11:34:27,2013-03-04 07:34:27,357
设备53,2013-07-05 12:34:27,2013-08-15 09:34:27,982
设备54,2013-01-22 18:34:27,2013-02-16 14:34:27,597
设备54,2013-05-28 11:34:27,2013-06-13 08:34:27,382
设备54,2013-07-04 11:34:27,2013-08-15 09:34:27,1007
设备55,2013-01-22 18:34:27,2013-02-16 15:34:27,598
设备55,2013-05-28 11:34:27,2013-06-13 09:34:27,383
设备55,2013-07-04 11:34:27,2013-08-15 09:34:27,1007
设备56,2013-01-19 14:34:27,2013-02-08 09:34:27,476
设备56,2013-03-10 10:34:27,2013-04-07 15:34:27,678
设备56,2013-07-08 08:34:27,2013-08-16 09:34:27,938
设备57,2013-02-13 16:34:27,2013-03-04 21:34:27,462
设备57,2013-03-10 10:34:27,2013-03-26 07:34:27,382
设备57,2013-07-04 09:34:27,2013-08-15 07:34:27,1007
设备57,2014-02-19 17:34:27,2014-03-05 16:34:27,336
设备58,2013-07-08 09:34:27,2013-08-15 06:34:27,910
设备59,2013-01-19 08:34:27,2013-02-05 17:34:27,418
设备59,2013-02-05 19:34:27,2013-04-06 14:34:27,1436
设备59,2013-04-06 16:34:27,2014-03-11 11:34:27,8132
设备60,2013-03-13 20:34:27,2013-03-30 15:34:27,404
设备60,2013-07-08 09:34:27,2013-08-15 11:34:27,915
设备60,2014-01-16 15:34:27,2014-02-15 17:34:27,723
设备61,2013-02-05 15:34:27,2013-02-26 14:34:27,504
设备61,2013-07-04 17:34:27,2013-08-15 16:34:27,1008
设备61,2013-09-25 11:34:27,2013-10-18 03:34:27,545
设备61,2013-12-29 06:34:27,2014-01-13 05:34:27,360
设备61,2014-01-16 15:34:27,2014-02-15 17:34:27,723
设备62,2013-01-19 14:34:27,2013-02-12 00:34:27,563
设备62,2013-02-13 02:34:27,2013-03-08 01:34:27,552
设备62,2013-03-09 02:34:27,2014-03-11 11:34:27,8818
设备63,2013-07-04 10:34:27,2013-08-15 13:34:27,1012
设备64,2013-07-04 10:34:27,2013-08-15 13:34:27,1012
设备65,2013-06-28 12:34:27,2013-08-20 08:34:27,1269
设备65,2013-12-24 09:34:27,2014-01-09 09:34:27,385
设备65,2014-01-24 13:34:27,2014-02-15 17:34:27,533
设备66,2013-01-16 12:34:27,2013-01-31 15:34:27,364
设备66,2013-06-28 12:34:27,2013-08-27 18:34:27,1447
设备66,2013-09-05 17:34:27,2013-09-28 16:34:27,552
设备66,2013-12-24 10:34:27,2014-01-09 10:34:27,385
设备66,2014-01-24 13:34:27,2014-02-15 17:34:27,533
设备67,2013-07-08 09:34:27,2013-08-15 14:34:27,918
设备67,2014-01-24 12:34:27,2014-02-13 09:34:27,478
设备68,2013-01-10 08:34:27,2013-02-05 13:34:27,630
设备68,2013-02-05 15:34:27,2013-03-29 19:34:27,1253
设备68,2013-03-31 20:34:27,2013-04-24 12:34:27,569
设备68,2013-05-13 12:34:27,2013-06-06 15:34:27,580
设备68,2013-06-06 17:34:27,2013-06-24 13:34:27,429
设备68,2013-06-26 09:34:27,2013-08-28 20:34:27,1524
设备68,2013-08-28 22:34:27,2013-10-18 02:34:27,1205
设备68,2013-12-08 10:34:27,2014-01-13 13:34:27,868
设备68,2014-01-24 12:34:27,2014-02-15 17:34:27,534
设备68,2014-02-15 19:34:27,2014-03-05 21:34:27,435
设备69,2013-07-06 12:34:27,2013-08-20 07:34:27,1076
设备70,2013-07-06 11:34:27,2013-08-15 07:34:27,957
设备71,2013-07-08 09:34:27,2013-08-15 09:34:27,913
设备71,2014-01-23 11:34:27,2014-02-07 07:34:27,357
设备72,2013-07-08 09:34:27,2013-08-15 09:34:27,913
设备72,2014-01-23 11:34:27,2014-02-07 07:34:27,357
设备73,2013-07-05 10:34:27,2013-08-15 09:34:27,984
设备73,2014-01-23 10:34:27,2014-02-07 08:34:27,359
设备74,2013-07-05 10:34:27,2013-08-15 09:34:27,984
设备74,2014-01-23 10:34:27,2014-02-07 08:34:27,359
设备75,2013-06-09 15:34:27,2013-06-29 10:34:27,476
设备75,2013-07-05 12:34:27,2013-08-15 09:34:27,982
设备75,2013-09-20 20:34:27,2013-10-09 07:34:27,444
设备75,2014-01-16 10:34:27,2014-02-10 09:34:27,600
设备76,2013-06-13 09:34:27,2013-07-01 08:34:27,432
设备76,2013-07-05 12:34:27,2013-08-15 09:34:27,982
设备76,2013-08-28 15:34:27,2013-09-20 18:34:27,556
设备76,2013-09-20 20:34:27,2013-10-09 07:34:27,444
设备76,2014-02-10 10:34:27,2014-02-25 08:34:27,359
设备77,2013-01-19 08:34:27,2013-02-05 17:34:27,418
设备77,2013-02-05 19:34:27,2013-04-06 14:34:27,1436
设备77,2013-04-18 20:34:27,2013-05-13 09:34:27,590
设备77,2013-05-13 12:34:27,2013-06-01 18:34:27,463
设备77,2013-06-19 13:34:27,2013-08-26 17:34:27,1637
设备77,2013-08-29 13:34:27,2013-09-27 10:34:27,694
设备77,2013-09-27 12:34:27,2013-10-19 15:34:27,532
设备77,2013-10-19 17:34:27,2013-11-19 19:34:27,747
设备77,2013-11-29 22:34:27,2014-01-10 15:34:27,1002
设备77,2014-01-14 13:34:27,2014-03-11 11:34:27,1343
设备78,2013-01-29 19:34:27,2013-02-25 10:34:27,640
设备78,2013-06-06 17:34:27,2013-07-04 15:34:27,671
设备78,2013-07-05 10:34:27,2013-09-27 10:34:27,2017
设备78,2013-09-29 18:34:27,2013-10-17 10:34:27,425
设备78,2014-01-10 17:34:27,2014-01-28 08:34:27,424
设备78,2014-01-28 19:34:27,2014-02-12 08:34:27,350
设备79,2013-03-06 11:34:27,2013-03-25 13:34:27,459
设备79,2013-04-17 18:34:27,2013-05-02 10:34:27,353
设备79,2013-05-31 11:34:27,2013-06-18 08:34:27,430
设备79,2013-07-06 11:34:27,2013-08-15 07:34:27,957
设备80,2013-04-17 18:34:27,2013-05-02 10:34:27,353
设备80,2013-07-06 11:34:27,2013-08-15 08:34:27,958
设备81,2013-01-10 08:34:27,2013-02-25 11:34:27,1108
设备81,2013-04-06 16:34:27,2014-03-11 11:34:27,8132
设备82,2013-05-14 14:34:27,2013-06-01 18:34:27,437
设备82,2013-07-07 17:34:27,2013-08-15 09:34:27,929
设备83,2013-07-07 13:34:27,2013-08-15 09:34:27,933
设备84,2013-01-19 08:34:27,2013-02-05 17:34:27,418
设备84,2013-02-05 19:34:27,2013-03-18 16:34:27,982
设备84,2013-04-18 20:34:27,2013-05-13 09:34:27,590
设备84,2013-05-13 12:34:27,2013-06-01 18:34:27,463
设备84,2013-06-06 17:34:27,2013-07-04 15:34:27,671
设备84,2013-07-06 12:34:27,2013-08-19 14:34:27,1059
设备84,2013-08-19 16:34:27,2013-10-09 13:34:27,1222
设备84,2013-10-22 21:34:27,2013-11-06 08:34:27,348
设备84,2013-11-29 23:34:27,2014-01-10 15:34:27,1001
设备84,2014-01-13 15:34:27,2014-03-11 11:34:27,1365
设备85,2013-07-06 12:34:27,2013-08-15 07:34:27,956
设备86,2013-07-08 09:34:27,2013-08-15 07:34:27,911
