device,raw_events,empty_columns_removed,derived_removed,flash_removed,duplicate_removed,retained_events,unknown_duration_retained,removed_zero_hours,hourly_rows,source_sha256,output_sha256
设备0,630,2,0,250,69,311,0,5206,4998,91a9e26263dd7504f73a6de98d08223f6a95a745e0bb10be8aa40950fd2f70b3,7b255d845ef1ce9f1de7953f3b7a71d14035faf943b9508b963182528341d74b
设备1,328,2,0,26,44,258,0,5573,4631,e38d65cdf6816e94ad1220f5fd388f5e1393ae41f5bf11f974b415883718e841,1981703ae5b7da392a67eb34b44efbf9e5f653ae409b6eba966c81394b354ed2
设备2,591,2,0,67,41,483,0,1464,8740,a44ec60d6e98a99d3a991df6bb6367e75e70a593f1116cdd3db98c874fed6d3e,2509ae1ea0dea5157808c0313dbee0a70cf42060cc129dffb0caae116e276e99
设备3,114,2,0,0,0,114,0,4153,6051,7716cec5752ecf7e9d00a432406698bce55d5c45432c79d26fb838b59e15d973,b75ebf5fedf3475df47b1bbf7dcadbf5a900a45e39eda57e8120fa5c57e6630a
设备4,207,2,0,59,43,105,0,6580,3624,b76991f23f67f3f4f4d3569fad8b53924855f0f636dcddac76b830ca98f33467,dec54e2d1fa44b2c5ac98b8f117880e48871037ce8e4932e607a79b482f20611
设备5,834,2,0,38,67,729,0,1637,8567,077f666511a2057460400bd2e8771012054e7dff0fe5cd4c9772d5a189e778a5,8f99bdf874a99b25bc17f256ac289aecfba8d6175a26d4a021783dd98f3c5af3
设备6,3151,2,0,6,53,3092,0,2285,7919,e76445f7225555caac40628cc7156e81934cba6d619052e50b8e97b920c77da2,d26609ff71038d093978deaf8c91801ec0200751931ec724b46e9bb64722cdd4
设备7,418,2,0,226,15,177,0,7925,2279,73aef9cf168c2b670cb9cee74d8f861815042fd04b1ddbbe443bc7b647750c6a,1de3c835397fa2cf5e6e6774ba0abc851bd475f2d415a5ae9bad223993cbcd33
设备8,175,2,0,17,27,131,0,8913,1291,544e4e594f26d24ecf79ab4ce43223fe088efbebfcb26d8be4a244dd5e04770c,1e702be9c9ecc1a2a32bda9342b31e3c16479960f283a124f8ad98490df0e818
设备9,126,2,0,4,4,118,0,8913,1291,f11a3570049305df0711c6b5911dfc99d1672edeace187f8aab6e391b2460f98,891ab34c56f9f7397b42c33702c408a799e57ddb09d01611209c4595ab2d0c55
设备10,397,2,0,54,28,315,0,6837,3367,c6e01695dd0457f3020f64732fb1ba82588cf73179a8e133bd80d9c6acb97b46,45386fead94e12d5f7131a526b941ab9cdb225f8b7ec7757bd95516e3683dd4a
设备11,299,2,0,29,2,268,0,6916,3288,dd63949a6970c9d23e27d53e01a98a276cec567559e5166d2938be96b0cb4e14,6a88a246909ef10d9510f5d8deb88568276f9269059a2b2425f4ee1c26ef8437
设备12,4694,2,0,96,1228,3370,0,913,9291,a575aed9077c886f5264676522a2e0bf20d1cc3798a68438efea2329f2a083a7,2167430489cfbdf6ca397df74493b1e2d03d91c12b9c1b5eeaf3859af283722b
设备13,158,2,0,3,2,153,0,5388,4816,157f356bfeba9bf083f5b5bc62c220de8f562dcb4385e10be592833c3ef3482c,5b43544d13701e06fd0baf00953996f9dafa9b2fa234df1123b4556bff0df977
设备14,633,2,0,222,57,354,0,4500,5704,3ad1242513ae0d69c27f9b2f77b1833b0e1ad93576f15d7a3121f7b2aba64b31,bd1cdff26c6350a0156fa0ad276f953656cc181943a8e853588f53c1d6ac115e
设备15,96,2,0,0,19,77,0,7816,2388,4b4e0c447bc094dab573234619b9a71c90f30e025c1006e2342e647cbc656d9c,b2736e5fd86a8194b4ccd1555fd434ab90f3e585a7fcef6ff170688d8c951342
设备16,65,2,0,10,0,55,0,8186,2018,106871ea9a253e3f1dc06f6afda5884ae621da53923e00ae5d3e7d61023d9581,1ea820eb676214d3c168a1d3d4e65ed6084790713383e6f9f05aff71a7a1e817
设备17,727,2,0,138,142,447,0,2536,7668,5ac35fed5b6e768eee9b6ca128eea179857f7da0ea26cbe24d49584838c401ae,667b21a1939073ebe4236165231c521c14ade90889002b9f5e9e57ca2e9d4e37
设备18,767,2,0,648,0,119,0,5497,4707,997137572fa4a5a0cc4389887a71cbd31b34ed9ea314fae5471db4478f6c3e0d,7e5a36697c523ee45da44abb340f6589613f71853356ee0bc9271d539b1d75b7
设备19,322,2,0,45,57,220,0,3751,6453,6f754e5399e94f2ca47191708be1302ae19b4080c3b8963500c8e36740c062e8,a643bf4e2477e43a5c4bc965111058811599661ed4ad11eaf31a2242710d93eb
设备20,134,2,0,2,47,85,0,6783,3421,b9789bf01814ccaf2eaf08cd7b5f4abfc8415e0e2c50e84980b4f62656d3767a,0300902f3844532aa2e0b3ea40b453aa884479d497a66666dadd16c7ae8abf17
设备21,62,2,0,23,4,35,0,6946,3258,fbf9e6d2fbc86179401be6d5663c57cf8b9afcd7b8cef538c41df9f2b659339c,17e66caa5583ae949f201d2716823810e7b001cb9efb43dfee1eef97e79f3382
设备22,34,2,0,5,1,28,0,8003,2201,87b19658f967e57f77fe882e5aab00c667cef9cd0eba5693e4221c337ca50822,dff4e2d8eef5a7e6ccc225656775987c147acf4cdd41f0e890202b82e58774e9
设备23,182,2,0,4,2,176,0,3967,6237,8ca25b6dd7ff62bc2a6711e3db95a8eb1fcc63364e51171621abe8ee53e2023a,caf54d37cf75e74242da8de7a505e9e035d6a3a59b34a3637dd7e9392eba8f5e
设备24,465,2,0,42,101,322,0,1430,8774,f7c6c8bd6ad4af024c819cc0db2d8ba00fb1a63df88bf9389c3b779d6fb7d334,1c06a55458c1829c8db924184776833728eb9e17f598e8bfc79c83979ce7651d
设备25,66,2,0,0,1,65,0,4823,5381,696e6029eb422679a668de0a7cf6c7714d47687b2ee047a91b22ba8873f5af47,a77d507f33bae64697e758f531d2f774cb4fc5e61f7c67d326e9991e2140a618
设备26,2064,2,0,1390,386,288,0,6203,4001,3f4f1fc43cec2e75cfda72ec04ec6db4d741d9a2b45ecbe74c68146e3ffcc937,41d1a89d1a7e104c43fef5c13980671416fecf6c50580453914d8876f9c1eb16
设备27,14714,2,0,409,4862,9443,0,1771,8433,0b57360d70fe4f114b7588f8cccf86820c2c5076088bf3036e7b420c101e4f3a,d1493dc28a7c2704c8f56037d7d86a3a6ae127e91887dd372fb84bcf2c88926b
设备28,11960,2,0,1234,187,10539,0,1575,8629,ce1e34ab022154498329ce8fa55e0de68818c0ff5de058389f954ff9069106cd,ec26a45f1582cc64815feb36f099871e885182bed5cbfaa7cdc30a270bbe8a74
设备29,220,2,0,127,10,83,0,7142,3062,a429796963a71f547be105e5aa4cdb3c7ac04d40feed7ea033b31c21ae81d462,af1dd3ebce6af0803e65971c274f2c7e8996c3546c07aa7b0ede8ad67814ced6
设备30,1732,2,0,152,106,1474,0,4477,5727,83a14ac11126400d4f6b80d68dcc9c214e3eacc3af8168e0297fc3b9b069a224,13970eabbad4e6e0570eadf8f3c0991124f86b0319bd3c5f1c1a5f99df03f0b5
设备31,65,2,0,30,4,31,0,7314,2890,136c4f3ed5e76a171e7c84082c03536c2b2c2f54bbf64bbe42cd01ed2202f085,7dc78192473ec8ec9bc91883e460442ba848cbc4b64eea57c38105882cf41fe5
设备32,229,2,0,50,30,149,0,5505,4699,2aa6ae7bac9d49e2b1159cd67659ad8fbc6db1dc2edbdad7495fdcd8674b9583,cec4bec0e8e5c92464d676b0d4b7caed099269e866d841a3194b86158bb5edab
设备33,107,2,0,57,0,50,0,6929,3275,e6437654911f692860c4cdce30a3bc26d1c05eea211857a70716491fff695487,433d22c9467b750db5f61239a4eae1dece60cf30b4f2c0d25ba5c375c25b5302
设备34,119,2,0,42,2,75,0,3781,6423,cfa498e751bba210992bdea4ccb75cff45457e2bab9bb17cca76c651f089d8fd,9d8e6b51416b3d0136084ba2711f930f0f2761d4ec759a6e58cd31ca2e2344f0
设备35,138,2,0,34,48,56,0,7137,3067,7ab55b362747e631ff41f7337751cd8795f8a72390f6bd7056e05f7b7823df3c,21523b2b8816957415332ff2a2936795d5c0154399bc53b0b45c929771d7f201
设备36,11156,2,0,3962,129,7065,0,4449,5755,77701d8dd5bfdd71fc1fdf02ad1b51930f225f7ab688eacb945aefd1c43ec433,c14fe956135510d4053e1544552f181d95a805ad4fe8716d52867e89c98c9eae
设备37,2510,2,0,181,35,2294,0,4159,6045,137e0542d03ea35705cc563dd7637b99cbc1ed537fb0dfe30d34f8b77b4588bd,1dcd92bd597fe77d0eb3e21a434dc1de69e914055779f9efbe2ef71b166e64ab
设备38,67,2,0,18,0,49,0,7898,2306,a309be39bbfc545889783c7fcb1f577862d7ecf307e9b13157d8a4a81dc1dfc8,d06032a430d5778ab0543569924b3f5dccf01e5d07109eb2eb2c27aae4a30075
设备39,6956,2,0,73,22,6861,0,6738,3466,ffa7d3b2611e3e96d660ae134000cd4cf4f1a89e5b22c523c2d48c9d05381929,c8f6c404e23484a8cb3d41f8fe070e271dc721e3f50d86f563dae4babab83908
设备40,140,2,0,8,64,68,0,7281,2923,ff08ebb9444781baa12016e0f0d613fa7a7f36144b75fc5becf050902a015379,2c3c19d89410dd9b2ef67deb213492d9a62a837da09846549d45e4eda153a3c4
设备41,8,2,0,0,0,8,0,9578,626,06d10dd3336689e3b65372976926ef0944ebc5f5eae2d4da208bbc612fee8f16,90228026bfda5391f450b0887a6660bd42a32766b38fa788961a3993da9851e0
设备42,9275,2,0,184,195,8896,0,933,9271,2f9aa14ce9ec33ee7dc8fa7c5c8b73024490f8ab46fddf0afc59d111198694f7,0e4ab8cf22b026a472fbe8d1403d3f537913528588cbd6e7323342b7cc52fa4f
设备43,1082,2,0,0,90,992,0,5450,4754,f33ec837f1af7f295792a63a7f83afb315eff604efe12aa6e2fcce3b40a13304,9b0631296bf82eb598174095c807c318d1c1af8c0816c8c4f3068ec26a3c556b
设备44,451,2,0,13,83,355,0,1863,8341,0a2a33505026d67fa3fa080ec3040985b606dcff5987ac930e0202f69f763e86,8262b1eab5d09e874be2a717686a49930ba3adeb2b0f6b56e5f81bf5e2dc2447
设备45,461,2,0,5,88,368,0,1861,8343,1cab6a42fa391e35b12092feb202c71c27a717f101efc813c61257fe7ffaf47f,0aa70037738034486131e9006ef63a22d8769948e9d503b3bde5b1b25e49007b
设备46,6544,2,0,219,292,6033,0,4272,5932,3e86fa38e4a107363f5bf1983c9d4308e56b2f28504e528a6aa32d667a621e7e,1e79d68cae96cbfa49458d727a346478fb9fa2548b6c2d3565adf6e57dbd9e96
设备47,3287,2,0,1066,1205,1016,0,929,9275,641f54effef7d71d9669352d1e54139ce404a13bc2b2bbd13bc8d939e954651f,5e501ff700dbaa20bb7e4a59331660e5b74ad782c5de6d26b7f2034f6e035632
设备48,58,2,0,3,5,50,0,7788,2416,35eefb1643e2142a9fe7816f0564ba1c480c3cf9e120fb0e503a639cc96fab92,074b8bb3568f300288c6ed327ccbb4662a1bf904eb9314f7b715c6f9cb9d7872
设备49,265,2,0,19,8,238,0,2384,7820,5871b6c209930c1d0412f5ba4da615c98a55026cbf150341108543886a5976bb,06dcd4e827e034c533501c4c70d1f8fd1ee200ec4dd5262b6a587870455cd94c
设备50,1720,2,0,84,617,1019,0,984,9220,dcddd4f613fd65670559dd271a42d87a066b54b1e3172d27394ecc64bef0a018,759d30ffe7abe05740992f4496fa56b203b403a0a3a56579905b9b2cf312ebf7
设备51,2226,2,0,23,360,1843,0,984,9220,39b667c70812e02b485f8ab0729c94c59b255e18c9306d7238dcd8876371d93a,a2159b6e2dad2c029239071066e0352c77b287d19429b679fbcf8d648946431f
设备52,474,2,0,14,63,397,0,1518,8686,4c9186fd9d3a0bc5f055fc2616e35fbb08a477fa457e6653aef8fb097c1382df,bb41d7807491f81c7c201e6d91d0256b48656a2e3e7aa54a4e01f354c56986c5
设备53,246,2,0,11,0,235,0,1809,8395,2e2afa7550d6dcbfec7bcaf26ba4633157c259b549082bdefa8bf67c688caf84,d02fac55eebc040c069490253a376d9eb4331379922f463f52842822366d8e7d
设备54,998,2,0,239,105,654,0,1987,8217,bb55903e625fdccf5980f0d4669985f6d25a7d8f444a3fe2fe9a2241518e83b1,45ed4367faab89268df6cc2b5c1f5f6b09d8d2a27cd428fc85ac346749749cc9
设备55,506,2,0,46,3,457,0,1988,8216,75308a4b113266bc45225d9a04e81f44b3a63f469fcce5b572b83728ea6f58b5,3b2c16cf290ff31e08a47a89b74a47a296eabb1697f40d38b21c41a3d017b751
设备56,3691,2,0,516,41,3134,0,3572,6632,920871e37293a58b4f5204088d1eb2a590b67b2178f77beedde259b68fe6edc9,00a19631427cd96c91d3d2e12d66445879c5a3e1115a40be0188df81415b36b4
设备57,603,2,0,79,2,522,0,2187,8017,69f46220fcdbe381e858fb33120b14313f28456f248d42daed1383f393004bb1,14c972439cfa0dca70e662b7f4dc0e352609e23a253e82fd4b0efea0d9dd2583
设备58,10218,2,0,7851,61,2306,0,2251,7953,3d91bdbfcd5991c773e1deebad01cc92f2f8a511d9d71f06e0fb30209b3d0c20,6a8cdef1794a93e51e9e49f4ed9f80ae72c14abd8d17e2016a770ab7bd36b0e6
设备59,3,2,0,0,0,3,0,9986,218,338760a4e7bcc785cea3f7eea4e92994aecbd1a07e8854d7fb10bef575521e5b,443ec31fde48ee29ce47ff637720481b2b8c5427052e4555d96c40a90ca67c45
设备60,2348,2,0,2027,78,243,0,2254,7950,77c7e3ebb3fe51d007819e0850d102db9c7e09f36396379b1a3349119e4c1cae,7faa9cc6cebce503b689db6884957aa533e14b396145c0bcd7f112e25266bec3
设备61,746,2,0,17,62,667,0,3183,7021,aaffe4a6494cf3bf3b24e6a6c9a13c61ee27797fda7e7765f5ce3635a90153c3,c9088051553aa5d6e32061db52f28b0e0f47b839615df6cf97cea8469243b12e
设备62,5,2,0,0,0,5,0,9933,271,37e99d00b870095473b54b4f298c421445365232aa14398f608d561dea3030e5,8a1ad674e46827e9fe76646a36589f760f152768cc29c1403c4abd49cdf33f58
设备63,1454,2,0,272,545,637,0,1013,9191,759c55a6b6e4f2bd3923d882a26de52b1c21b698550671336761367f52ec119e,9ffbfdffd92eb4fa4d99c37f8702631f74bbd53e5c48a9e17f1e78ed3fa4f313
设备64,812,2,0,207,3,602,0,1013,9191,02d27abb0ce430b30827f392c6e9d0eb33d660536ddd3085712e3fc1e3a51d3e,0da5e2d925faf28accbd621ed932293c9aa701ce5092c92b0b4f2f3d34c1b83a
设备65,663,2,0,120,31,512,0,2187,8017,6736fc9dc54efd5a44a8cd3c8a3d0bf6213ce4e1f34188ae7264be5d7d2bc70d,3df181c9ee80eb37b69b46866d27a3db3369d0d29b3da6d561d4cbc2b4fbffee
设备66,384,2,0,29,7,348,0,3281,6923,51682710eeeb52b3da72156e39f3d23312f17fe776a0a5035b027a0b22215a71,8860e47ebc34d9de3b7a63772f17865893bfda6f9f2c6109b429fb2ab9be69ba
设备67,820,2,0,50,16,754,0,1396,8808,470b7ffbbadbd8d35d76adc823e133deb8c8df0e927dcece5efb419f1dfe9d86,f75e8148e3d2a6ae56f935f97f1412f39102e6ee5e074297b91df00053e1f3ab
设备68,38,2,0,0,1,37,0,8027,2177,952ffe749591736ac2aaab22a7f97d4e8d366ce03793c93dfce7326cf5b6615d,c972da0daf52afdca9ba18d7f6cf4905db19945a764bdf4041c7a2ac8d96b640
设备69,2715,2,0,317,1270,1128,0,1420,8784,63d9690c8f8452d0b478b7648ef90131f3d6de8e972ac3f8ad511fb81ad5187a,92448011733af297306c1e30366d032cd3ff21f0720ee2aeb6f8866423fd62e5
设备70,1392,2,0,341,482,569,0,1293,8911,62d95c0f4cf62005411c8aa592708d4348c37198d85fb18211dafa76b30b7032,98e164bdaba0cae76009e682bc5beb60e64c2802e13042b2dc13dd8f4a0e931e
设备71,1421,2,0,147,203,1071,0,1270,8934,79b7671a5cd3165e515464882b2ffa24f3190821803e1365892210116b52fc4b,5cd7dffe4582390ff1673c542f9c3c9ffa208785a6869ee75c4fb3099f2d82b6
设备72,1116,2,0,154,25,937,0,1270,8934,5d9b8524644207f8e60435f9eb7286126d1afb87f787738833e9e6a5eae17881,cef5ede15a561ebcd5d2b143e8c76215620fadbbe6c00d96ec6907bd92d81706
设备73,2360,2,0,145,1219,996,0,1343,8861,1a47010eaf73263d010b43a42d869a70e0332be5b9ac7c7dd3b24e5b84b4db53,fffd9b0fbccf44977586e68c28d224eb930604b5793ee650c63f693e9a017809
设备74,1177,2,0,56,446,675,0,1343,8861,d40ab0db024228a73ac34027ebf05eb80ae31c18b81e2a090759c6bc80153cbc,57ae18ebcb588c29f9534dc72883490b0bdafbef6b76e0ad113d9f4740d72b9f
设备75,394,2,0,11,76,307,0,2502,7702,a88a05d9edaac2d1c76546cc2c65a211f9c75c0849b3cb34ee5a72bd49f276f1,c411d73d1fa1273a8550588e3cf212b64e969392e4ae514b771ed12737977e46
设备76,230,2,0,11,1,218,0,2773,7431,4fe5a2b27e376d75667a38459e25aab87f44497df6efb1113ef23fbc3105b1f6,25bff26109b36cd894bbe8e108ece9514e8e0b65c42bcddef5d84812e530c55f
设备77,18,2,0,0,0,18,0,8862,1342,9b16acddafe959ebf137147b978279a5669e0f46eac65fb16d36d88d4cffc14e,897224f9717136f3f09011f66fc79527b79f44fe8e8dfd0bb8dfe729223899d7
设备78,1481,2,0,492,500,489,0,4964,5240,53ec65e43a38c341f79eb7b9a857319d277baa3da4a0fbb17aa855c4e6c986bb,b7a524d8019674c002d7d50a70d5de523b96c547e98a96cb225651c25a80aae0
设备79,459,2,0,55,60,344,0,2199,8005,6e1738757acaa64681dabda7f5e03a633616a937eb4f5ced3bfdcebbf220ecad,10517b4d3db974d8a9614de92a2e758e433bb637a197eac715b660910faea9d4
设备80,417,2,0,43,3,371,0,1311,8893,a1b3bd6571650452e86c321168aaef2a7706c1cf4917b68e3c58a988969ae102,1332c0fc511523b95870365ba26438e73f86608057de9edb0aa1fe2043dfaaf9
设备81,70,2,0,15,2,53,0,9240,964,98e37ab9b077d99fd45c92dfab18e7ecd459cc593fe8ba2b4e4ef9e039d95964,0235d9876d84962fdc7b28633efd2b149f47e2eb7c8eaaddbadbce8e1512a842
设备82,806,2,0,312,126,368,0,1373,8831,4e7aed48790f9bf3249291afae959376e96c001e05f58401d6ca8bdf7774b617,2c2fea91c476c02287ad9aab2c834f4b32388cb86e650737048c560513dd66bf
设备83,2506,2,0,152,932,1422,0,933,9271,1cd10f2593f45a760ac04ecc40e21c5d4f77e845e0be350ea5b133f2e7b350f3,6c165816ef1ed72bbb1feb4735720bafb9511c42281d5c7d6c532e0c6b01fc61
设备84,40,2,0,1,1,38,0,8119,2085,4a0dcfaf61e51b79c6b7a5d495b4b92c7d83c2323ead50edf526fc05b4aac016,7ab63b0379f3c8b5675f15ce5a80fe1d21bee7cfdfd61727787a502623a212bd
设备85,2753,2,0,133,1219,1401,0,974,9230,0f4a4fa2b3fdcb91c57e29540b08fd7110cbdc614f7f51d0f74c8b0abf635938,5ffb569b3920f2ed3de9476c61bc8dd7cf8bf2473b6772a97a6c86885154b6a7
设备86,13168,2,0,345,1222,11601,0,911,9293,06f13fe75007ebb078b0a74706e295f33edf5191c86de5e6c4779a1af0f21798,3b3d0ec62ef108884f282580e21ed3164c7f974d689413a81e566ec2dca62c5b
