Device_Name,Category,File_Path,Root_Path,Data_Path,Sparsity,Mean_Intensity,CV,Cluster,Label,Model,Window_Count,Level4_Positive_Windows,Level4_Total_Count,Input_SHA256
设备0,S5300_S5328C-EI,/Users/leopold/Developer/fault-forecast/Time-Series-Library/dataset/fault/S5300_S5328C-EI/设备0/window_60_data2.csv,/Users/leopold/Developer/fault-forecast/Time-Series-Library/dataset/fault/S5300_S5328C-EI/设备0,window_60_data2.csv,0.9797138377107016,0.04606036848294787,8.640826587222845,2,Intermittent,iTransformer,10204,207,470.0,56912aed3e092acdb1c4dbbc30191e63e4da16a63bc5516956e8e0104b1d902a
设备1,S5300_S5328C-EI,/Users/leopold/Developer/fault-forecast/Time-Series-Library/dataset/fault/S5300_S5328C-EI/设备1/window_60_data2.csv,/Users/leopold/Developer/fault-forecast/Time-Series-Library/dataset/fault/S5300_S5328C-EI/设备1,window_60_data2.csv,0.9981379851038809,0.001862014896119169,23.152810446659547,0,Sparse,PatchTST,10204,19,19.0,67d76d209dcd90a3aba98d19db7041cbe60a7a7236c05b0c753d33a4a2f0acfc
设备2,S5300_S5328C-EI,/Users/leopold/Developer/fault-forecast/Time-Series-Library/dataset/fault/S5300_S5328C-EI/设备2/window_60_data2.csv,/Users/leopold/Developer/fault-forecast/Time-Series-Library/dataset/fault/S5300_S5328C-EI/设备2,window_60_data2.csv,0.9889259114072912,0.011368090944727557,9.566371192272815,2,Intermittent,iTransformer,10204,113,116.0,5f2b8c9a0869638ecb3e736a305f47658931e59e61310b5359d9dc269432c23c
设备3,S5300_S5328C-EI,/Users/leopold/Developer/fault-forecast/Time-Series-Library/dataset/fault/S5300_S5328C-EI/设备3/window_60_data2.csv,/Users/leopold/Developer/fault-forecast/Time-Series-Library/dataset/fault/S5300_S5328C-EI/设备3,window_60_data2.csv,0.9918659349274794,0.008134065072520581,11.04263370017065,2,Intermittent,iTransformer,10204,83,83.0,e6724163a3b5722428812e405745c39a8a8cc0af2a892e84c89a406a46825b22
设备4,S9300_S9303,/Users/leopold/Developer/fault-forecast/Time-Series-Library/dataset/fault/S9300_S9303/设备4/window_60_data2.csv,/Users/leopold/Developer/fault-forecast/Time-Series-Library/dataset/fault/S9300_S9303/设备4,window_60_data2.csv,0.9968639749117993,0.003234025872206978,18.08182097495801,0,Sparse,PatchTST,10204,32,33.0,1dc13d9ef85b417e53b5c7468c722d1fafc8e0b1b90d0aff9a2cb093ca628299
设备5,S9300_S9303,/Users/leopold/Developer/fault-forecast/Time-Series-Library/dataset/fault/S9300_S9303/设备5/window_60_data2.csv,/Users/leopold/Developer/fault-forecast/Time-Series-Library/dataset/fault/S9300_S9303/设备5,window_60_data2.csv,0.9972559780478244,0.0027440219521756176,19.063802648699745,0,Sparse,PatchTST,10204,28,28.0,0d1edf23e9b8726ddd5240be5361c64067a75e5cb01d4562ce63886e62ca434f
设备6,S9300_S9303,/Users/leopold/Developer/fault-forecast/Time-Series-Library/dataset/fault/S9300_S9303/设备6/window_60_data2.csv,/Users/leopold/Developer/fault-forecast/Time-Series-Library/dataset/fault/S9300_S9303/设备6,window_60_data2.csv,0.9976479811838495,0.002352018816150529,20.595306908775765,0,Sparse,PatchTST,10204,24,24.0,1ebfb97fd94d14c9ccb92d6e1f35187b9daca9ec3eacf89202b3a94285d39e16
设备7,S5300_S5328C-EI,/Users/leopold/Developer/fault-forecast/Time-Series-Library/dataset/fault/S5300_S5328C-EI/设备7/window_60_data2.csv,/Users/leopold/Developer/fault-forecast/Time-Series-Library/dataset/fault/S5300_S5328C-EI/设备7,window_60_data2.csv,0.9948059584476676,0.00960407683261466,28.954350893290837,0,Sparse,PatchTST,10204,53,98.0,aeb8869bd5599b791bce82eed73ec126180e022fdbd822fea9b304a6b9d9db7e
设备8,S5300_S5328C-EI,/Users/leopold/Developer/fault-forecast/Time-Series-Library/dataset/fault/S5300_S5328C-EI/设备8/window_60_data2.csv,/Users/leopold/Developer/fault-forecast/Time-Series-Library/dataset/fault/S5300_S5328C-EI/设备8,window_60_data2.csv,0.9955899647197177,0.012642101136809095,17.60353493025599,0,Sparse,PatchTST,10204,45,129.0,3836fb7955d5c518d2b748bc79b4b5d0c64804051088d96b6e3921514e7ead69
设备9,S5300_S5328C-EI,/Users/leopold/Developer/fault-forecast/Time-Series-Library/dataset/fault/S5300_S5328C-EI/设备9/window_60_data2.csv,/Users/leopold/Developer/fault-forecast/Time-Series-Library/dataset/fault/S5300_S5328C-EI/设备9,window_60_data2.csv,0.9961779694237554,0.00862406899255194,17.75498998652175,0,Sparse,PatchTST,10204,39,88.0,10b8c8739022c0916104e498a93fdbd68657a2dc7d7a3db2726df2e4e67c20a6
设备10,S5300_S5328C-EI,/Users/leopold/Developer/fault-forecast/Time-Series-Library/dataset/fault/S5300_S5328C-EI/设备10/window_60_data2.csv,/Users/leopold/Developer/fault-forecast/Time-Series-Library/dataset/fault/S5300_S5328C-EI/设备10,window_60_data2.csv,0.9976479811838495,0.002352018816150529,20.595306908775765,0,Sparse,PatchTST,10204,24,24.0,3bd7aba989b43178d8abf0f172aa2940f56b66cb5976a6578d5a58445c39b7ac
设备11,S5300_S5328C-EI,/Users/leopold/Developer/fault-forecast/Time-Series-Library/dataset/fault/S5300_S5328C-EI/设备11/window_60_data2.csv,/Users/leopold/Developer/fault-forecast/Time-Series-Library/dataset/fault/S5300_S5328C-EI/设备11,window_60_data2.csv,0.9976479811838495,0.002352018816150529,20.595306908775765,0,Sparse,PatchTST,10204,24,24.0,f53d90cdb3ec9d862012c2a45a7bc11007dcd842f994f2bad3c3c06eda6b02a1
设备12,S9300_S9303,/Users/leopold/Developer/fault-forecast/Time-Series-Library/dataset/fault/S9300_S9303/设备12/window_60_data2.csv,/Users/leopold/Developer/fault-forecast/Time-Series-Library/dataset/fault/S9300_S9303/设备12,window_60_data2.csv,0.9945119560956488,0.0055860446883575065,13.575671666184986,2,Intermittent,iTransformer,10204,56,57.0,4e7afc0bdb1967433e7a78f5e509359dad01f5137e2173f03d71b9c7532e6107
设备13,S9300_S9303,/Users/leopold/Developer/fault-forecast/Time-Series-Library/dataset/fault/S9300_S9303/设备13/window_60_data2.csv,/Users/leopold/Developer/fault-forecast/Time-Series-Library/dataset/fault/S9300_S9303/设备13,window_60_data2.csv,0.9945119560956488,0.005488043904351235,13.46158555721746,2,Intermittent,iTransformer,10204,56,56.0,8404c65b85dc27309ae833085f036117ea8698caf05fc2249611a9185240623b
设备14,S5300_S5328C-EI,/Users/leopold/Developer/fault-forecast/Time-Series-Library/dataset/fault/S5300_S5328C-EI/设备14/window_60_data2.csv,/Users/leopold/Developer/fault-forecast/Time-Series-Library/dataset/fault/S5300_S5328C-EI/设备14,window_60_data2.csv,0.9774598196785574,0.0473343786750294,7.506183983140882,2,Intermittent,iTransformer,10204,230,483.0,c3faf3e2d897a2a06731c409f5b3370ddfb34c3976f4d989c1069e4a76ea764e
设备15,S9300_S9303,/Users/leopold/Developer/fault-forecast/Time-Series-Library/dataset/fault/S9300_S9303/设备15/window_60_data2.csv,/Users/leopold/Developer/fault-forecast/Time-Series-Library/dataset/fault/S9300_S9303/设备15,window_60_data2.csv,0.998921991375931,0.0010780086240689925,30.440702416934524,0,Sparse,PatchTST,10204,11,11.0,e46e293944de1d9a5555da7b0f8d79e358667d3180ec71f42054aa1f334592cd
设备16,S5300_S5328C-EI,/Users/leopold/Developer/fault-forecast/Time-Series-Library/dataset/fault/S5300_S5328C-EI/设备16/window_60_data2.csv,/Users/leopold/Developer/fault-forecast/Time-Series-Library/dataset/fault/S5300_S5328C-EI/设备16,window_60_data2.csv,0.997451979615837,0.002548020384163073,19.785386992968785,0,Sparse,PatchTST,10204,26,26.0,e570a1dbb3c813a9530803990b283a473c116d088954f42e3c1a558efa26e4f1
设备17,S5300_S5328C-EI,/Users/leopold/Developer/fault-forecast/Time-Series-Library/dataset/fault/S5300_S5328C-EI/设备17/window_60_data2.csv,/Users/leopold/Developer/fault-forecast/Time-Series-Library/dataset/fault/S5300_S5328C-EI/设备17,window_60_data2.csv,0.9963739709917679,0.003626029008232066,16.57660350565772,0,Sparse,PatchTST,10204,37,37.0,52744e8fda13e37e0347ee0927d66c7f8281ec51d8eaa8d241bf1dcc7c30c678
设备18,S5300_S5328C-EI,/Users/leopold/Developer/fault-forecast/Time-Series-Library/dataset/fault/S5300_S5328C-EI/设备18/window_60_data2.csv,/Users/leopold/Developer/fault-forecast/Time-Series-Library/dataset/fault/S5300_S5328C-EI/设备18,window_60_data2.csv,0.9961779694237554,0.00382203057624461,16.14438062116431,0,Sparse,PatchTST,10204,39,39.0,e3ee538312324a03525813a7e7eb015a79aee45387bf00a1e5f5c9d308df53ba
设备19,S5300_S5328C-EI,/Users/leopold/Developer/fault-forecast/Time-Series-Library/dataset/fault/S5300_S5328C-EI/设备19/window_60_data2.csv,/Users/leopold/Developer/fault-forecast/Time-Series-Library/dataset/fault/S5300_S5328C-EI/设备19,window_60_data2.csv,0.9864758918071345,0.018718149745197962,9.857851842484957,2,Intermittent,iTransformer,10204,138,191.0,cb8e4bc48947aece609ea276a1d41b20caf6e530fc7c9fa155e2106f2f4f084a
设备20,S5300_S5328C-EI,/Users/leopold/Developer/fault-forecast/Time-Series-Library/dataset/fault/S5300_S5328C-EI/设备20/window_60_data2.csv,/Users/leopold/Developer/fault-forecast/Time-Series-Library/dataset/fault/S5300_S5328C-EI/设备20,window_60_data2.csv,0.9961779694237554,0.006664053312426499,18.6458062299649,0,Sparse,PatchTST,10204,39,68.0,1f4e95a8fd812d9fcee5328029f6d756238a40007552d0d50d268c378a6d861b
设备21,S5300_S5328C-EI,/Users/leopold/Developer/fault-forecast/Time-Series-Library/dataset/fault/S5300_S5328C-EI/设备21/window_60_data2.csv,/Users/leopold/Developer/fault-forecast/Time-Series-Library/dataset/fault/S5300_S5328C-EI/设备21,window_60_data2.csv,0.9977459819678557,0.0022540180321442573,21.03930069924006,0,Sparse,PatchTST,10204,23,23.0,8d9ad8a6f28d05e4542e16ce3348361fc7cd1b3e93270ab211c289cdbc87d6c9
设备23,S5300_S5328C-EI,/Users/leopold/Developer/fault-forecast/Time-Series-Library/dataset/fault/S5300_S5328C-EI/设备23/window_60_data2.csv,/Users/leopold/Developer/fault-forecast/Time-Series-Library/dataset/fault/S5300_S5328C-EI/设备23,window_60_data2.csv,0.9938259506076048,0.006174049392395139,12.687326509878035,2,Intermittent,iTransformer,10204,63,63.0,47b5cfb62c2fbcd1113b23544ff0d32fe32bde599e40a78e6dc3749f6e19fb55
设备24,S5300_S5328C-EI,/Users/leopold/Developer/fault-forecast/Time-Series-Library/dataset/fault/S5300_S5328C-EI/设备24/window_60_data2.csv,/Users/leopold/Developer/fault-forecast/Time-Series-Library/dataset/fault/S5300_S5328C-EI/设备24,window_60_data2.csv,0.9937279498235986,0.006272050176401411,12.587195875174105,2,Intermittent,iTransformer,10204,64,64.0,dbd3b0c54c0b3dd8a43487971d39a7c9f80216c4a9a53ad9ee5a0517489cba07
设备25,S5300_S5328C-EI,/Users/leopold/Developer/fault-forecast/Time-Series-Library/dataset/fault/S5300_S5328C-EI/设备25/window_60_data2.csv,/Users/leopold/Developer/fault-forecast/Time-Series-Library/dataset/fault/S5300_S5328C-EI/设备25,window_60_data2.csv,0.9937279498235986,0.0063700509604076834,12.681281924261581,2,Intermittent,iTransformer,10204,64,65.0,a8c53e4afcae9d7f1320b78f27ac16beb0b3f9fb8eff831accfc18762548eef7
设备26,S9300_S9306,/Users/leopold/Developer/fault-forecast/Time-Series-Library/dataset/fault/S9300_S9306/设备26/window_60_data2.csv,/Users/leopold/Developer/fault-forecast/Time-Series-Library/dataset/fault/S9300_S9306/设备26,window_60_data2.csv,0.9981379851038809,0.001862014896119169,23.152810446659547,0,Sparse,PatchTST,10204,19,19.0,503921c4e6c88d0183470b8dae520754f41fa2bb0a2a5a4edc1e62f3b5911ebe
设备27,S9300_S9306,/Users/leopold/Developer/fault-forecast/Time-Series-Library/dataset/fault/S9300_S9306/设备27/window_60_data2.csv,/Users/leopold/Developer/fault-forecast/Time-Series-Library/dataset/fault/S9300_S9306/设备27,window_60_data2.csv,0.9979419835358683,0.002058016464131713,22.020553169817557,0,Sparse,PatchTST,10204,21,21.0,ac927fee8b469207db40136fe7038562ed0099766ca469f6981df041069ee095
设备28,S9300_S9306,/Users/leopold/Developer/fault-forecast/Time-Series-Library/dataset/fault/S9300_S9306/设备28/window_60_data2.csv,/Users/leopold/Developer/fault-forecast/Time-Series-Library/dataset/fault/S9300_S9306/设备28,window_60_data2.csv,0.9980399843198745,0.001960015680125441,22.565460332109335,0,Sparse,PatchTST,10204,20,20.0,4b79a89c001a99cfb1bdc51a39102f472fd14efee4dde6efa550e57a4cb9ac8d
设备29,S9300_S9303,/Users/leopold/Developer/fault-forecast/Time-Series-Library/dataset/fault/S9300_S9303/设备29/window_60_data2.csv,/Users/leopold/Developer/fault-forecast/Time-Series-Library/dataset/fault/S9300_S9303/设备29,window_60_data2.csv,0.9979419835358683,0.002156017248137985,22.471837287466734,0,Sparse,PatchTST,10204,21,22.0,163acd73caf9acff3c1d108e2381c10e0486666ecd3451d7652d6d475f8d9399
设备30,S9300_S9303,/Users/leopold/Developer/fault-forecast/Time-Series-Library/dataset/fault/S9300_S9303/设备30/window_60_data2.csv,/Users/leopold/Developer/fault-forecast/Time-Series-Library/dataset/fault/S9300_S9303/设备30,window_60_data2.csv,0.9979419835358683,0.002058016464131713,22.020553169817557,0,Sparse,PatchTST,10204,21,21.0,9ecc59b337f218086aa66154a72b6761f299cde09fa6f29e227bc622fff9303d
设备31,S5300_S5328C-EI,/Users/leopold/Developer/fault-forecast/Time-Series-Library/dataset/fault/S5300_S5328C-EI/设备31/window_60_data2.csv,/Users/leopold/Developer/fault-forecast/Time-Series-Library/dataset/fault/S5300_S5328C-EI/设备31,window_60_data2.csv,0.9981379851038809,0.001862014896119169,23.152810446659547,0,Sparse,PatchTST,10204,19,19.0,6cc0837a13b4e629984bdae0e1e55a8c06ce5e1f7ab120134ee7a20ee27dbd3b
设备32,S9300_S9303,/Users/leopold/Developer/fault-forecast/Time-Series-Library/dataset/fault/S9300_S9303/设备32/window_60_data2.csv,/Users/leopold/Developer/fault-forecast/Time-Series-Library/dataset/fault/S9300_S9303/设备32,window_60_data2.csv,0.9979419835358683,0.002058016464131713,22.020553169817557,0,Sparse,PatchTST,10204,21,21.0,c148143594a86de23261edbdee2c25c2bd99dec255aea1d21c4900068228837e
设备33,S5300_S5328C-EI,/Users/leopold/Developer/fault-forecast/Time-Series-Library/dataset/fault/S5300_S5328C-EI/设备33/window_60_data2.csv,/Users/leopold/Developer/fault-forecast/Time-Series-Library/dataset/fault/S5300_S5328C-EI/设备33,window_60_data2.csv,0.9972559780478244,0.0027440219521756176,19.063802648699745,0,Sparse,PatchTST,10204,28,28.0,85da19be679bb387283ebb7c52100f78b1c39c5d8d89847166f9588b0c483672
设备34,S5300_S5328C-EI,/Users/leopold/Developer/fault-forecast/Time-Series-Library/dataset/fault/S5300_S5328C-EI/设备34/window_60_data2.csv,/Users/leopold/Developer/fault-forecast/Time-Series-Library/dataset/fault/S5300_S5328C-EI/设备34,window_60_data2.csv,0.9976479811838495,0.0024500196001568013,20.971714283768026,0,Sparse,PatchTST,10204,24,25.0,3a158c12366ef05ae2bcd9c4292dbd02fcf813957c8ab20a8e512122dc7b8d01
设备35,S5300_S5328C-EI,/Users/leopold/Developer/fault-forecast/Time-Series-Library/dataset/fault/S5300_S5328C-EI/设备35/window_60_data2.csv,/Users/leopold/Developer/fault-forecast/Time-Series-Library/dataset/fault/S5300_S5328C-EI/设备35,window_60_data2.csv,0.9977459819678557,0.0022540180321442573,21.03930069924006,0,Sparse,PatchTST,10204,23,23.0,3dc8ef301c4c2f6f0da03e2a54e2929436de8b6b9c8db0fe934b2b23ceb8ac26
设备36,S9300_S9303,/Users/leopold/Developer/fault-forecast/Time-Series-Library/dataset/fault/S9300_S9303/设备36/window_60_data2.csv,/Users/leopold/Developer/fault-forecast/Time-Series-Library/dataset/fault/S9300_S9303/设备36,window_60_data2.csv,0.9975499803998432,0.0024500196001568013,20.178206064960282,0,Sparse,PatchTST,10204,25,25.0,08c3acebe5ab124d346d0ad987ab30c7e522ca8bbf35bcd17f72e54767849d03
设备37,S5300_S5328C-EI,/Users/leopold/Developer/fault-forecast/Time-Series-Library/dataset/fault/S5300_S5328C-EI/设备37/window_60_data2.csv,/Users/leopold/Developer/fault-forecast/Time-Series-Library/dataset/fault/S5300_S5328C-EI/设备37,window_60_data2.csv,0.9972559780478244,0.0028420227361818894,19.368232199902657,0,Sparse,PatchTST,10204,28,29.0,21ca66f65067526a7654690c6913c98cc44d989d2cce345f5dce71879b1f1dce
设备38,S5300_S5328C-EI,/Users/leopold/Developer/fault-forecast/Time-Series-Library/dataset/fault/S5300_S5328C-EI/设备38/window_60_data2.csv,/Users/leopold/Developer/fault-forecast/Time-Series-Library/dataset/fault/S5300_S5328C-EI/设备38,window_60_data2.csv,0.9962759702077617,0.0051940415523324185,19.873460498420283,0,Sparse,PatchTST,10204,38,53.0,963aac6a5fb5940f4beccb92074c21f8b2f96804ff9bff90deecbb832f1ea213
设备39,S9300_S9303,/Users/leopold/Developer/fault-forecast/Time-Series-Library/dataset/fault/S9300_S9303/设备39/window_60_data2.csv,/Users/leopold/Developer/fault-forecast/Time-Series-Library/dataset/fault/S9300_S9303/设备39,window_60_data2.csv,0.9914739317914544,0.016170129361034888,14.098573347384786,2,Intermittent,iTransformer,10204,87,165.0,a5f9d13647570ce1d37b7833d94bc1c6b46cad22c69201dcf03671a5cde53285
设备40,S5300_S5352C-EI,/Users/leopold/Developer/fault-forecast/Time-Series-Library/dataset/fault/S5300_S5352C-EI/设备40/window_60_data2.csv,/Users/leopold/Developer/fault-forecast/Time-Series-Library/dataset/fault/S5300_S5352C-EI/设备40,window_60_data2.csv,0.9968639749117993,0.0031360250882007056,17.82904932967543,0,Sparse,PatchTST,10204,32,32.0,c1e12dd2f1ed07f2a55588924a45432e0cd84573e1f4f0cad59cb8cc5df2276a
设备42,S9300_S9303,/Users/leopold/Developer/fault-forecast/Time-Series-Library/dataset/fault/S9300_S9303/设备42/window_60_data2.csv,/Users/leopold/Developer/fault-forecast/Time-Series-Library/dataset/fault/S9300_S9303/设备42,window_60_data2.csv,0.9939239513916112,0.006174049392395139,12.88837085517714,2,Intermittent,iTransformer,10204,62,63.0,e9848b86effe4da9df88f07f0f5628383b23e40ec6a1038f1d1d291abfbad102
设备43,S9300_S9303,/Users/leopold/Developer/fault-forecast/Time-Series-Library/dataset/fault/S9300_S9303/设备43/window_60_data2.csv,/Users/leopold/Developer/fault-forecast/Time-Series-Library/dataset/fault/S9300_S9303/设备43,window_60_data2.csv,0.9970599764798118,0.0029400235201881616,18.415573119871485,0,Sparse,PatchTST,10204,30,30.0,a196ea04d8f1cafedee045c971cfdffdac7d87669edde49bcc1d159e5e55cf93
设备44,S5300_S5328C-EI,/Users/leopold/Developer/fault-forecast/Time-Series-Library/dataset/fault/S5300_S5328C-EI/设备44/window_60_data2.csv,/Users/leopold/Developer/fault-forecast/Time-Series-Library/dataset/fault/S5300_S5328C-EI/设备44,window_60_data2.csv,0.9832418659349275,0.01675813406507252,7.659798601783407,2,Intermittent,iTransformer,10204,171,171.0,958a3c32cf00624b9837aed9028cb225706cf90cea23c93e36eeb0e9d6748956
设备45,S5300_S5328C-EI,/Users/leopold/Developer/fault-forecast/Time-Series-Library/dataset/fault/S5300_S5328C-EI/设备45/window_60_data2.csv,/Users/leopold/Developer/fault-forecast/Time-Series-Library/dataset/fault/S5300_S5328C-EI/设备45,window_60_data2.csv,0.9832418659349275,0.01675813406507252,7.659798601783407,2,Intermittent,iTransformer,10204,171,171.0,2fea6c8f9a6a0dcb76d19d6e5796d2f88e3d8f9f091c7f9735d8ddbaba5465f2
设备46,S9300_S9303,/Users/leopold/Developer/fault-forecast/Time-Series-Library/dataset/fault/S9300_S9303/设备46/window_60_data2.csv,/Users/leopold/Developer/fault-forecast/Time-Series-Library/dataset/fault/S9300_S9303/设备46,window_60_data2.csv,0.9961779694237554,0.00382203057624461,16.14438062116431,0,Sparse,PatchTST,10204,39,39.0,47bfa3861c3f80a7db08fdf141db7ac4d7eaf3c4ea58a39b804f61ad1f2e9c14
设备47,S5300_S5328C-EI,/Users/leopold/Developer/fault-forecast/Time-Series-Library/dataset/fault/S5300_S5328C-EI/设备47/window_60_data2.csv,/Users/leopold/Developer/fault-forecast/Time-Series-Library/dataset/fault/S5300_S5328C-EI/设备47,window_60_data2.csv,0.9977459819678557,0.0022540180321442573,21.03930069924006,0,Sparse,PatchTST,10204,23,23.0,3b7494259495d5a4303288a0175057ac795d968b69ab2564c9160da753579a31
设备48,S5300_S5328C-EI,/Users/leopold/Developer/fault-forecast/Time-Series-Library/dataset/fault/S5300_S5328C-EI/设备48/window_60_data2.csv,/Users/leopold/Developer/fault-forecast/Time-Series-Library/dataset/fault/S5300_S5328C-EI/设备48,window_60_data2.csv,0.9977459819678557,0.0022540180321442573,21.03930069924006,0,Sparse,PatchTST,10204,23,23.0,24474f149e0d5d714500f38ce16bfafbda63b75b321bd796f892c31eb25819a2
设备49,S5300_S5328C-EI,/Users/leopold/Developer/fault-forecast/Time-Series-Library/dataset/fault/S5300_S5328C-EI/设备49/window_60_data2.csv,/Users/leopold/Developer/fault-forecast/Time-Series-Library/dataset/fault/S5300_S5328C-EI/设备49,window_60_data2.csv,0.9844178753430027,0.020188161505292044,9.481162893167053,2,Intermittent,iTransformer,10204,159,206.0,105dfcb45359d2900fe26beb5dc9657fabfcc23bb5db0b1c7dab1f854963d02b
设备50,S9300_S9303,/Users/leopold/Developer/fault-forecast/Time-Series-Library/dataset/fault/S9300_S9303/设备50/window_60_data2.csv,/Users/leopold/Developer/fault-forecast/Time-Series-Library/dataset/fault/S9300_S9303/设备50,window_60_data2.csv,0.9878479027832223,0.014994119952959623,10.071577317231377,2,Intermittent,iTransformer,10204,124,153.0,0f6cff9f71aeca8b7750a0f56144b48e790fc40c220b1bc33765abe086458254
设备51,S9300_S9303,/Users/leopold/Developer/fault-forecast/Time-Series-Library/dataset/fault/S9300_S9303/设备51/window_60_data2.csv,/Users/leopold/Developer/fault-forecast/Time-Series-Library/dataset/fault/S9300_S9303/设备51,window_60_data2.csv,0.9878479027832223,0.014994119952959623,10.11476500472743,2,Intermittent,iTransformer,10204,124,153.0,0894e4a114336146ffc0cf1968fe171f963ad04efcd3329a1d0ec501f6a409a4
设备52,NE20E-8,/Users/leopold/Developer/fault-forecast/Time-Series-Library/dataset/fault/NE20E-8/设备52/window_60_data.csv,/Users/leopold/Developer/fault-forecast/Time-Series-Library/dataset/fault/NE20E-8/设备52,window_60_data.csv,0.9738337906703254,0.04645237161897295,8.894645872899842,2,Intermittent,iTransformer,10204,267,474.0,8ddaa6607aec21d2e3842ce4c859d1f569da2b5f2e90918e0c0683b2aad0e3f7
设备53,NE20E-8,/Users/leopold/Developer/fault-forecast/Time-Series-Library/dataset/fault/NE20E-8/设备53/window_60_data.csv,/Users/leopold/Developer/fault-forecast/Time-Series-Library/dataset/fault/NE20E-8/设备53,window_60_data.csv,0.980203841630733,0.024108192865542926,7.682935432524111,2,Intermittent,iTransformer,10204,202,246.0,110ccb10f0bc43681868ec7397558e37cfe8afcc1fa4545cd02dda634fbdd063
设备54,S5300_S5328C-EI,/Users/leopold/Developer/fault-forecast/Time-Series-Library/dataset/fault/S5300_S5328C-EI/设备54/window_60_data2.csv,/Users/leopold/Developer/fault-forecast/Time-Series-Library/dataset/fault/S5300_S5328C-EI/设备54,window_60_data2.csv,0.9808898471187769,0.020188161505292044,7.36918786411398,2,Intermittent,iTransformer,10204,195,206.0,621082356fed523a97625fcb9bbf3e0081636e275491d18f8139bc6279b5e940
设备55,S5300_S5328C-EI,/Users/leopold/Developer/fault-forecast/Time-Series-Library/dataset/fault/S5300_S5328C-EI/设备55/window_60_data2.csv,/Users/leopold/Developer/fault-forecast/Time-Series-Library/dataset/fault/S5300_S5328C-EI/设备55,window_60_data2.csv,0.9807918463347707,0.02048216385731086,7.404798972558046,2,Intermittent,iTransformer,10204,196,209.0,e4bd00ef50ce7410d7b0147255326915109e5d3b39dffb2a3cf13ef0ab06c741
设备56,S9300_S9303,/Users/leopold/Developer/fault-forecast/Time-Series-Library/dataset/fault/S9300_S9303/设备56/window_60_data2.csv,/Users/leopold/Developer/fault-forecast/Time-Series-Library/dataset/fault/S9300_S9303/设备56,window_60_data2.csv,0.9992159937279498,0.0007840062720501764,35.700140055747674,0,Sparse,PatchTST,10204,8,8.0,a8d84f0007f0b9f81aa1f0fb05e97cf3d7575ff1f1a310e574ee421d1d6dd49c
设备57,S5300_S5328C-EI,/Users/leopold/Developer/fault-forecast/Time-Series-Library/dataset/fault/S5300_S5328C-EI/设备57/window_60_data2.csv,/Users/leopold/Developer/fault-forecast/Time-Series-Library/dataset/fault/S5300_S5328C-EI/设备57,window_60_data2.csv,0.9889259114072912,0.011270090160721285,9.529780206019826,2,Intermittent,iTransformer,10204,113,115.0,0ef88987820a3889354ef98acbb1b4e7d79118f4a64b1db0d407be74a8d807bf
设备58,S5300_S5328C-EI,/Users/leopold/Developer/fault-forecast/Time-Series-Library/dataset/fault/S5300_S5328C-EI/设备58/window_60_data2.csv,/Users/leopold/Developer/fault-forecast/Time-Series-Library/dataset/fault/S5300_S5328C-EI/设备58,window_60_data2.csv,0.9995099960799686,0.0004900039200313603,45.164145071062734,0,Sparse,PatchTST,10204,5,5.0,6c18007083c8accd84648b31cc6591583afbfb820660c91c3eaf29cefcd609b5
设备60,S9300_S9306,/Users/leopold/Developer/fault-forecast/Time-Series-Library/dataset/fault/S9300_S9306/设备60/window_60_data2.csv,/Users/leopold/Developer/fault-forecast/Time-Series-Library/dataset/fault/S9300_S9306/设备60,window_60_data2.csv,0.9993139945119561,0.0006860054880439044,38.16692659508079,0,Sparse,PatchTST,10204,7,7.0,e8b7621359e7e8372901f044d35d4442d8468d095dbe5fdcf7e78757fa6e4d52
设备61,S9300_S9306,/Users/leopold/Developer/fault-forecast/Time-Series-Library/dataset/fault/S9300_S9306/设备61/window_60_data2.csv,/Users/leopold/Developer/fault-forecast/Time-Series-Library/dataset/fault/S9300_S9306/设备61,window_60_data2.csv,0.9993139945119561,0.0006860054880439044,38.16692659508079,0,Sparse,PatchTST,10204,7,7.0,62e200c2e723b86d3b8b720932515b2b7a984a7fee98b7f8f7f0d88a397b7395
设备63,S5300_S5328C-EI,/Users/leopold/Developer/fault-forecast/Time-Series-Library/dataset/fault/S5300_S5328C-EI/设备63/window_60_data2.csv,/Users/leopold/Developer/fault-forecast/Time-Series-Library/dataset/fault/S5300_S5328C-EI/设备63,window_60_data2.csv,0.9960799686397491,0.004018032144257154,16.125087330117818,0,Sparse,PatchTST,10204,40,41.0,7264623fbd041cebc9a366ff137677cbe52c9a4fdda3b5586ea99917428d299e
设备64,S5300_S5328C-EI,/Users/leopold/Developer/fault-forecast/Time-Series-Library/dataset/fault/S5300_S5328C-EI/设备64/window_60_data2.csv,/Users/leopold/Developer/fault-forecast/Time-Series-Library/dataset/fault/S5300_S5328C-EI/设备64,window_60_data2.csv,0.9959819678557429,0.004214033712269698,16.074108389556155,0,Sparse,PatchTST,10204,41,43.0,c834f285a843e18cfcaa2303a5829b061feb8ef954b2b7c412a7eb6c3b219015
设备65,S5300_S5328C-EI,/Users/leopold/Developer/fault-forecast/Time-Series-Library/dataset/fault/S5300_S5328C-EI/设备65/window_60_data2.csv,/Users/leopold/Developer/fault-forecast/Time-Series-Library/dataset/fault/S5300_S5328C-EI/设备65,window_60_data2.csv,0.9962759702077617,0.004018032144257154,16.861175126627536,0,Sparse,PatchTST,10204,38,41.0,01ce7e05722b11f2b7b67fed833cd777f26730596f05b904c0ee318077d60846
设备66,S5300_S5328C-EI,/Users/leopold/Developer/fault-forecast/Time-Series-Library/dataset/fault/S5300_S5328C-EI/设备66/window_60_data2.csv,/Users/leopold/Developer/fault-forecast/Time-Series-Library/dataset/fault/S5300_S5328C-EI/设备66,window_60_data2.csv,0.9963739709917679,0.003920031360250882,17.098684159899555,0,Sparse,PatchTST,10204,37,40.0,d97f11d899945e10195638fa6f666759540243fb48b14e61739e9154c4a2676f
设备67,S5300_S5328C-EI,/Users/leopold/Developer/fault-forecast/Time-Series-Library/dataset/fault/S5300_S5328C-EI/设备67/window_60_data2.csv,/Users/leopold/Developer/fault-forecast/Time-Series-Library/dataset/fault/S5300_S5328C-EI/设备67,window_60_data2.csv,0.9966679733437868,0.003724029792238338,19.143068294082624,0,Sparse,PatchTST,10204,34,38.0,ca4d8b9b866ef3ae6682637cc8938d3970a2a6d3f2e14bb26e8cf7b4d4a514bd
设备69,S9300_S9303,/Users/leopold/Developer/fault-forecast/Time-Series-Library/dataset/fault/S9300_S9303/设备69/window_60_data2.csv,/Users/leopold/Developer/fault-forecast/Time-Series-Library/dataset/fault/S9300_S9303/设备69,window_60_data2.csv,0.9987259898079185,0.0015680125441003528,33.39255156468281,0,Sparse,PatchTST,10204,13,16.0,cd71f92fc8c6ba6462e3cbc83e1ccf6a5e105bf92efc3ea11387be1ddcf77a34
设备70,S9300_S9303,/Users/leopold/Developer/fault-forecast/Time-Series-Library/dataset/fault/S9300_S9303/设备70/window_60_data2.csv,/Users/leopold/Developer/fault-forecast/Time-Series-Library/dataset/fault/S9300_S9303/设备70,window_60_data2.csv,0.9987259898079185,0.0015680125441003528,33.39255156468281,0,Sparse,PatchTST,10204,13,16.0,027d88b341c7ba527e946d887e58301d2f476e2a408bab9f2d3b7ebb2d288196
设备71,S5300_S5328C-EI,/Users/leopold/Developer/fault-forecast/Time-Series-Library/dataset/fault/S5300_S5328C-EI/设备71/window_60_data2.csv,/Users/leopold/Developer/fault-forecast/Time-Series-Library/dataset/fault/S5300_S5328C-EI/设备71,window_60_data2.csv,0.9864758918071345,0.01675813406507252,9.491001067428384,2,Intermittent,iTransformer,10204,138,171.0,d4386ba86a510d5561ba9d1e36d9c73f58ab65df7d95563cdd18c6242ecd6539
设备72,S5300_S5328C-EI,/Users/leopold/Developer/fault-forecast/Time-Series-Library/dataset/fault/S5300_S5328C-EI/设备72/window_60_data2.csv,/Users/leopold/Developer/fault-forecast/Time-Series-Library/dataset/fault/S5300_S5328C-EI/设备72,window_60_data2.csv,0.9861818894551156,0.01715013720109761,9.378817644466881,2,Intermittent,iTransformer,10204,141,175.0,807885a844c27ac614dbd728eed4c3a3bb7792cc0d397ff37062aa0c89a54b70
设备73,S9300_S9303,/Users/leopold/Developer/fault-forecast/Time-Series-Library/dataset/fault/S9300_S9303/设备73/window_60_data2.csv,/Users/leopold/Developer/fault-forecast/Time-Series-Library/dataset/fault/S9300_S9303/设备73,window_60_data2.csv,0.986671893375147,0.016268130145041162,9.294671217950075,2,Intermittent,iTransformer,10204,136,166.0,ff9b7356250b9074bd0e57863d1247f7cbcb770019660f223bca43ea9e69853d
设备74,S9300_S9303,/Users/leopold/Developer/fault-forecast/Time-Series-Library/dataset/fault/S9300_S9303/设备74/window_60_data2.csv,/Users/leopold/Developer/fault-forecast/Time-Series-Library/dataset/fault/S9300_S9303/设备74,window_60_data2.csv,0.9865738925911407,0.016562132497059977,9.263730787239878,2,Intermittent,iTransformer,10204,137,169.0,b3958ca68a1f3158437631aae337362f491dc36e6eac86e10ff74e1e09a7cf21
设备75,NE20E-8,/Users/leopold/Developer/fault-forecast/Time-Series-Library/dataset/fault/NE20E-8/设备75/window_60_data.csv,/Users/leopold/Developer/fault-forecast/Time-Series-Library/dataset/fault/NE20E-8/设备75,window_60_data.csv,0.9788318306546452,0.038612308898471184,9.196917556183523,2,Intermittent,iTransformer,10204,216,394.0,80b305093dd53d5b91473afd21bdac12ebd236bdad15e07e19774ec70fc9b15b
设备76,NE20E-8,/Users/leopold/Developer/fault-forecast/Time-Series-Library/dataset/fault/NE20E-8/设备76/window_60_data.csv,/Users/leopold/Developer/fault-forecast/Time-Series-Library/dataset/fault/NE20E-8/设备76,window_60_data.csv,0.9814778518228146,0.02254018032144257,7.915455915109715,2,Intermittent,iTransformer,10204,189,230.0,73c96bdd426bdd7743b84d6d49514053dfa7997170470fcdf87cfe5a64b5deb7
设备78,S5300_S5352C-EI,/Users/leopold/Developer/fault-forecast/Time-Series-Library/dataset/fault/S5300_S5352C-EI/设备78/window_60_data2.csv,/Users/leopold/Developer/fault-forecast/Time-Series-Library/dataset/fault/S5300_S5352C-EI/设备78,window_60_data2.csv,0.9936299490395923,0.006468051744413956,12.581378809400748,2,Intermittent,iTransformer,10204,65,66.0,7bab7125a081c59cfa844ccd9cf0073b67363b88d99eb8f8a5bde640999ec693
设备79,S5300_S5328C-EI,/Users/leopold/Developer/fault-forecast/Time-Series-Library/dataset/fault/S5300_S5328C-EI/设备79/window_60_data2.csv,/Users/leopold/Developer/fault-forecast/Time-Series-Library/dataset/fault/S5300_S5328C-EI/设备79,window_60_data2.csv,0.9931399451195609,0.0071540572324578595,12.258452455183084,2,Intermittent,iTransformer,10204,70,73.0,4f63ef9bb9e8702a1e53152dcfebba8f8354e4fafe08f5361671d5c767e02fce
设备80,S5300_S5328C-EI,/Users/leopold/Developer/fault-forecast/Time-Series-Library/dataset/fault/S5300_S5328C-EI/设备80/window_60_data2.csv,/Users/leopold/Developer/fault-forecast/Time-Series-Library/dataset/fault/S5300_S5328C-EI/设备80,window_60_data2.csv,0.9848098784790278,0.015484123872990984,8.126178072679629,2,Intermittent,iTransformer,10204,155,158.0,8383ec51b2ecf2a6bf6fe3f9a8660e3e50d95d1e9b895adb036040fbbba11b62
设备81,S9300_S9303,/Users/leopold/Developer/fault-forecast/Time-Series-Library/dataset/fault/S9300_S9303/设备81/window_60_data2.csv,/Users/leopold/Developer/fault-forecast/Time-Series-Library/dataset/fault/S9300_S9303/设备81,window_60_data2.csv,0.9980399843198745,0.002156017248137985,23.391211177076286,0,Sparse,PatchTST,10204,20,22.0,253ed8a264b10ad00171ce9a1ce7dd1614d96d5c0f3aee7f19cccd8dd26a18ba
设备82,S5300_S5328C-EI,/Users/leopold/Developer/fault-forecast/Time-Series-Library/dataset/fault/S5300_S5328C-EI/设备82/window_60_data2.csv,/Users/leopold/Developer/fault-forecast/Time-Series-Library/dataset/fault/S5300_S5328C-EI/设备82,window_60_data2.csv,0.9966679733437868,0.003724029792238338,18.001615809286463,0,Sparse,PatchTST,10204,34,38.0,184f44410a5f52fd24a6b9e40c9ff7a1d0883826f00be248543e74d4063060eb
设备83,NE40E-X3,/Users/leopold/Developer/fault-forecast/Time-Series-Library/dataset/fault/NE40E-X3/设备83/window_60_data.csv,/Users/leopold/Developer/fault-forecast/Time-Series-Library/dataset/fault/NE40E-X3/设备83,window_60_data.csv,0.9182673461387691,0.22814582516660134,5.039531202570095,1,Dense,Informer,10204,834,2328.0,f1f47cbd43206c58d884835fefbb13a918632d73ae826d1e1bce72ce22029d0b
设备85,S9300_S9306,/Users/leopold/Developer/fault-forecast/Time-Series-Library/dataset/fault/S9300_S9306/设备85/window_60_data2.csv,/Users/leopold/Developer/fault-forecast/Time-Series-Library/dataset/fault/S9300_S9306/设备85,window_60_data2.csv,0.9980399843198745,0.002058016464131713,23.047373080151495,0,Sparse,PatchTST,10204,20,21.0,6037e61fe782cef9d6ded1e72dc2496bf93b129080ebb209fc959e657588009f
设备86,S9300_S9306,/Users/leopold/Developer/fault-forecast/Time-Series-Library/dataset/fault/S9300_S9306/设备86/window_60_data2.csv,/Users/leopold/Developer/fault-forecast/Time-Series-Library/dataset/fault/S9300_S9306/设备86,window_60_data2.csv,0.997843982751862,0.0022540180321442573,21.93696933987294,0,Sparse,PatchTST,10204,22,23.0,b6ef6ab54d00aad39a0788bde11f5b3f62fed7b238e4fc54f5d228c313a6d00d
