device,seq_len,split,rows,target_start,target_end,windows,gap_rejected,positive,negative
设备0,3,train,4998,0,3498,3487,8,144,3343
设备0,3,val,4998,3498,3999,501,0,46,455
设备0,3,test,4998,3999,4998,993,6,33,960
设备0,6,train,4998,0,3498,3478,14,144,3334
设备0,6,val,4998,3498,3999,501,0,46,455
设备0,6,test,4998,3999,4998,987,12,33,954
设备0,12,train,4998,0,3498,3460,26,144,3316
设备0,12,val,4998,3498,3999,501,0,46,455
设备0,12,test,4998,3999,4998,975,24,31,944
设备0,24,train,4998,0,3498,3424,50,144,3280
设备0,24,val,4998,3498,3999,501,0,46,455
设备0,24,test,4998,3999,4998,951,48,31,920
设备10,3,train,3367,0,2356,2346,7,176,2170
设备10,3,val,3367,2356,2694,335,3,18,317
设备10,3,test,3367,2694,3367,667,6,3,664
设备10,6,train,3367,0,2356,2337,13,176,2161
设备10,6,val,3367,2356,2694,332,6,18,314
设备10,6,test,3367,2694,3367,661,12,3,658
设备10,12,train,3367,0,2356,2319,25,176,2143
设备10,12,val,3367,2356,2694,326,12,18,308
设备10,12,test,3367,2694,3367,649,24,3,646
设备10,24,train,3367,0,2356,2283,49,176,2107
设备10,24,val,3367,2356,2694,314,24,18,296
设备10,24,test,3367,2694,3367,625,48,3,622
设备11,3,train,3288,0,2301,2291,7,149,2142
设备11,3,val,3288,2301,2631,327,3,18,309
设备11,3,test,3288,2631,3288,651,6,3,648
设备11,6,train,3288,0,2301,2282,13,149,2133
设备11,6,val,3288,2301,2631,324,6,18,306
设备11,6,test,3288,2631,3288,645,12,3,642
设备11,12,train,3288,0,2301,2264,25,149,2115
设备11,12,val,3288,2301,2631,318,12,18,300
设备11,12,test,3288,2631,3288,633,24,3,630
设备11,24,train,3288,0,2301,2228,49,149,2079
设备11,24,val,3288,2301,2631,306,24,18,288
设备11,24,test,3288,2631,3288,609,48,3,606
设备12,3,train,9291,0,6503,6497,3,2056,4441
设备12,3,val,9291,6503,7433,930,0,257,673
设备12,3,test,9291,7433,9291,1858,0,423,1435
设备12,6,train,9291,0,6503,6491,6,2055,4436
设备12,6,val,9291,6503,7433,930,0,257,673
设备12,6,test,9291,7433,9291,1858,0,423,1435
设备12,12,train,9291,0,6503,6479,12,2051,4428
设备12,12,val,9291,6503,7433,930,0,257,673
设备12,12,test,9291,7433,9291,1858,0,423,1435
设备12,24,train,9291,0,6503,6455,24,2046,4409
设备12,24,val,9291,6503,7433,930,0,257,673
设备12,24,test,9291,7433,9291,1858,0,423,1435
设备13,3,train,4816,0,3371,3362,6,75,3287
设备13,3,val,4816,3371,3853,479,3,4,475
设备13,3,test,4816,3853,4816,951,12,7,944
设备13,6,train,4816,0,3371,3353,12,74,3279
设备13,6,val,4816,3371,3853,476,6,4,472
设备13,6,test,4816,3853,4816,940,23,5,935
设备13,12,train,4816,0,3371,3335,24,72,3263
设备13,12,val,4816,3371,3853,470,12,3,467
设备13,12,test,4816,3853,4816,922,41,5,917
设备13,24,train,4816,0,3371,3299,48,70,3229
设备13,24,val,4816,3371,3853,458,24,3,455
设备13,24,test,4816,3853,4816,886,77,5,881
设备14,3,train,5707,0,3994,3982,9,214,3768
设备14,3,val,5707,3994,4566,572,0,10,562
设备14,3,test,5707,4566,5707,1141,0,23,1118
设备14,6,train,5707,0,3994,3970,18,213,3757
设备14,6,val,5707,3994,4566,572,0,10,562
设备14,6,test,5707,4566,5707,1141,0,23,1118
设备14,12,train,5707,0,3994,3946,36,212,3734
设备14,12,val,5707,3994,4566,572,0,10,562
设备14,12,test,5707,4566,5707,1141,0,23,1118
设备14,24,train,5707,0,3994,3898,72,209,3689
设备14,24,val,5707,3994,4566,572,0,10,562
设备14,24,test,5707,4566,5707,1141,0,23,1118
设备15,3,train,2388,0,1671,1668,0,18,1650
设备15,3,val,2388,1671,1911,240,0,4,236
设备15,3,test,2388,1911,2388,474,3,10,464
设备15,6,train,2388,0,1671,1665,0,18,1647
设备15,6,val,2388,1671,1911,240,0,4,236
设备15,6,test,2388,1911,2388,471,6,9,462
设备15,12,train,2388,0,1671,1659,0,18,1641
设备15,12,val,2388,1671,1911,240,0,4,236
设备15,12,test,2388,1911,2388,465,12,9,456
设备15,24,train,2388,0,1671,1647,0,18,1629
设备15,24,val,2388,1671,1911,240,0,4,236
设备15,24,test,2388,1911,2388,453,24,9,444
设备16,3,train,3129,0,2190,2169,18,27,2142
设备16,3,val,3129,2190,2504,314,0,5,309
设备16,3,test,3129,2504,3129,622,3,19,603
设备16,6,train,3129,0,2190,2148,36,27,2121
设备16,6,val,3129,2190,2504,314,0,5,309
设备16,6,test,3129,2504,3129,619,6,19,600
设备16,12,train,3129,0,2190,2106,72,27,2079
设备16,12,val,3129,2190,2504,314,0,5,309
设备16,12,test,3129,2504,3129,613,12,19,594
设备16,24,train,3129,0,2190,2022,144,27,1995
设备16,24,val,3129,2190,2504,314,0,5,309
设备16,24,test,3129,2504,3129,601,24,19,582
设备17,3,train,7756,0,5429,5417,9,184,5233
设备17,3,val,7756,5429,6205,776,0,36,740
设备17,3,test,7756,6205,7756,1548,3,42,1506
设备17,6,train,7756,0,5429,5405,18,184,5221
设备17,6,val,7756,5429,6205,776,0,36,740
设备17,6,test,7756,6205,7756,1545,6,42,1503
设备17,12,train,7756,0,5429,5381,36,184,5197
设备17,12,val,7756,5429,6205,776,0,36,740
设备17,12,test,7756,6205,7756,1539,12,42,1497
设备17,24,train,7756,0,5429,5333,72,183,5150
设备17,24,val,7756,5429,6205,776,0,36,740
设备17,24,test,7756,6205,7756,1527,24,42,1485
设备18,3,train,4893,0,3425,3407,15,26,3381
设备18,3,val,4893,3425,3915,490,0,49,441
设备18,3,test,4893,3915,4893,972,6,244,728
设备18,6,train,4893,0,3425,3392,27,26,3366
设备18,6,val,4893,3425,3915,490,0,49,441
设备18,6,test,4893,3915,4893,966,12,238,728
设备18,12,train,4893,0,3425,3362,51,26,3336
设备18,12,val,4893,3425,3915,490,0,49,441
设备18,12,test,4893,3915,4893,954,24,230,724
设备18,24,train,4893,0,3425,3302,99,24,3278
设备18,24,val,4893,3425,3915,490,0,49,441
设备18,24,test,4893,3915,4893,930,48,216,714
设备19,3,train,6453,0,4517,4507,7,118,4389
设备19,3,val,6453,4517,5163,646,0,26,620
设备19,3,test,6453,5163,6453,1286,4,21,1265
设备19,6,train,6453,0,4517,4498,13,118,4380
设备19,6,val,6453,4517,5163,646,0,26,620
设备19,6,test,6453,5163,6453,1283,7,21,1262
设备19,12,train,6453,0,4517,4480,25,117,4363
设备19,12,val,6453,4517,5163,646,0,26,620
设备19,12,test,6453,5163,6453,1277,13,21,1256
设备19,24,train,6453,0,4517,4444,49,113,4331
设备19,24,val,6453,4517,5163,646,0,26,620
设备19,24,test,6453,5163,6453,1265,25,21,1244
设备1,3,train,4717,0,3301,3282,16,121,3161
设备1,3,val,4717,3301,3774,473,0,18,455
设备1,3,test,4717,3774,4717,936,7,12,924
设备1,6,train,4717,0,3301,3266,29,119,3147
设备1,6,val,4717,3301,3774,473,0,18,455
设备1,6,test,4717,3774,4717,930,13,12,918
设备1,12,train,4717,0,3301,3236,53,118,3118
设备1,12,val,4717,3301,3774,473,0,18,455
设备1,12,test,4717,3774,4717,918,25,12,906
设备1,24,train,4717,0,3301,3176,101,118,3058
设备1,24,val,4717,3301,3774,473,0,18,455
设备1,24,test,4717,3774,4717,894,49,12,882
设备20,3,train,3421,0,2394,2372,19,25,2347
设备20,3,val,3421,2394,2737,343,0,3,340
设备20,3,test,3421,2737,3421,681,3,8,673
设备20,6,train,3421,0,2394,2353,35,24,2329
设备20,6,val,3421,2394,2737,343,0,3,340
设备20,6,test,3421,2737,3421,678,6,8,670
设备20,12,train,3421,0,2394,2318,64,23,2295
设备20,12,val,3421,2394,2737,343,0,3,340
设备20,12,test,3421,2737,3421,672,12,8,664
设备20,24,train,3421,0,2394,2258,112,20,2238
设备20,24,val,3421,2394,2737,343,0,3,340
设备20,24,test,3421,2737,3421,660,24,8,652
设备21,3,train,4236,0,2965,2946,16,35,2911
设备21,3,val,4236,2965,3389,424,0,2,422
设备21,3,test,4236,3389,4236,841,6,6,835
设备21,6,train,4236,0,2965,2928,31,35,2893
设备21,6,val,4236,2965,3389,424,0,2,422
设备21,6,test,4236,3389,4236,835,12,6,829
设备21,12,train,4236,0,2965,2892,61,34,2858
设备21,12,val,4236,2965,3389,424,0,2,422
设备21,12,test,4236,3389,4236,823,24,6,817
设备21,24,train,4236,0,2965,2820,121,34,2786
设备21,24,val,4236,2965,3389,424,0,2,422
设备21,24,test,4236,3389,4236,799,48,6,793
设备22,3,train,2287,0,1600,1576,21,15,1561
设备22,3,val,2287,1600,1830,227,3,4,223
设备22,3,test,2287,1830,2287,457,0,2,455
设备22,6,train,2287,0,1600,1556,38,14,1542
设备22,6,val,2287,1600,1830,224,6,4,220
设备22,6,test,2287,1830,2287,457,0,2,455
设备22,12,train,2287,0,1600,1520,68,13,1507
设备22,12,val,2287,1600,1830,218,12,4,214
设备22,12,test,2287,1830,2287,457,0,2,455
设备22,24,train,2287,0,1600,1448,128,13,1435
设备22,24,val,2287,1600,1830,206,24,4,202
设备22,24,test,2287,1830,2287,457,0,2,455
设备23,3,train,6237,0,4365,4353,9,76,4277
设备23,3,val,6237,4365,4990,625,0,26,599
设备23,3,test,6237,4990,6237,1241,6,47,1194
设备23,6,train,6237,0,4365,4341,18,76,4265
设备23,6,val,6237,4365,4990,625,0,26,599
设备23,6,test,6237,4990,6237,1235,12,47,1188
设备23,12,train,6237,0,4365,4317,36,76,4241
设备23,12,val,6237,4365,4990,625,0,26,599
设备23,12,test,6237,4990,6237,1223,24,47,1176
设备23,24,train,6237,0,4365,4269,72,75,4194
设备23,24,val,6237,4365,4990,625,0,26,599
设备23,24,test,6237,4990,6237,1199,48,47,1152
设备24,3,train,8774,0,6141,6135,3,221,5914
设备24,3,val,8774,6141,7020,879,0,48,831
设备24,3,test,8774,7020,8774,1751,3,30,1721
设备24,6,train,8774,0,6141,6129,6,220,5909
设备24,6,val,8774,6141,7020,879,0,48,831
设备24,6,test,8774,7020,8774,1748,6,30,1718
设备24,12,train,8774,0,6141,6117,12,220,5897
设备24,12,val,8774,6141,7020,879,0,48,831
设备24,12,test,8774,7020,8774,1742,12,29,1713
设备24,24,train,8774,0,6141,6093,24,219,5874
设备24,24,val,8774,6141,7020,879,0,48,831
设备24,24,test,8774,7020,8774,1730,24,29,1701
设备25,3,train,5381,0,3766,3757,6,44,3713
设备25,3,val,5381,3766,4305,536,3,8,528
设备25,3,test,5381,4305,5381,1064,12,5,1059
设备25,6,train,5381,0,3766,3748,12,44,3704
设备25,6,val,5381,3766,4305,533,6,8,525
设备25,6,test,5381,4305,5381,1052,24,5,1047
设备25,12,train,5381,0,3766,3730,24,44,3686
设备25,12,val,5381,3766,4305,527,12,8,519
设备25,12,test,5381,4305,5381,1028,48,5,1023
设备25,24,train,5381,0,3766,3694,48,43,3651
设备25,24,val,5381,3766,4305,515,24,8,507
设备25,24,test,5381,4305,5381,980,96,5,975
设备26,3,train,4001,0,2800,2783,14,287,2496
设备26,3,val,4001,2800,3201,401,0,31,370
设备26,3,test,4001,3201,4001,797,3,17,780
设备26,6,train,4001,0,2800,2768,26,287,2481
设备26,6,val,4001,2800,3201,401,0,31,370
设备26,6,test,4001,3201,4001,794,6,17,777
设备26,12,train,4001,0,2800,2738,50,287,2451
设备26,12,val,4001,2800,3201,401,0,31,370
设备26,12,test,4001,3201,4001,788,12,17,771
设备26,24,train,4001,0,2800,2678,98,287,2391
设备26,24,val,4001,2800,3201,401,0,31,370
设备26,24,test,4001,3201,4001,776,24,15,761
设备27,3,train,8452,0,5916,5907,6,1742,4165
设备27,3,val,8452,5916,6762,846,0,657,189
设备27,3,test,8452,6762,8452,1687,3,839,848
设备27,6,train,8452,0,5916,5898,12,1741,4157
设备27,6,val,8452,5916,6762,846,0,657,189
设备27,6,test,8452,6762,8452,1684,6,839,845
设备27,12,train,8452,0,5916,5880,24,1740,4140
设备27,12,val,8452,5916,6762,846,0,657,189
设备27,12,test,8452,6762,8452,1678,12,839,839
设备27,24,train,8452,0,5916,5844,48,1738,4106
设备27,24,val,8452,5916,6762,846,0,657,189
设备27,24,test,8452,6762,8452,1666,24,839,827
设备28,3,train,8812,0,6168,6159,6,1068,5091
设备28,3,val,8812,6168,7050,882,0,17,865
设备28,3,test,8812,7050,8812,1762,0,577,1185
设备28,6,train,8812,0,6168,6150,12,1065,5085
设备28,6,val,8812,6168,7050,882,0,17,865
设备28,6,test,8812,7050,8812,1762,0,577,1185
设备28,12,train,8812,0,6168,6132,24,1059,5073
设备28,12,val,8812,6168,7050,882,0,17,865
设备28,12,test,8812,7050,8812,1762,0,577,1185
设备28,24,train,8812,0,6168,6096,48,1047,5049
设备28,24,val,8812,6168,7050,882,0,17,865
设备28,24,test,8812,7050,8812,1762,0,577,1185
设备29,3,train,4237,0,2965,2941,21,72,2869
设备29,3,val,4237,2965,3390,422,3,4,418
设备29,3,test,4237,3390,4237,844,3,9,835
设备29,6,train,4237,0,2965,2920,39,67,2853
设备29,6,val,4237,2965,3390,419,6,4,415
设备29,6,test,4237,3390,4237,841,6,9,832
设备29,12,train,4237,0,2965,2884,69,65,2819
设备29,12,val,4237,2965,3390,413,12,4,409
设备29,12,test,4237,3390,4237,835,12,9,826
设备29,24,train,4237,0,2965,2812,129,65,2747
设备29,24,val,4237,2965,3390,401,24,4,397
设备29,24,test,4237,3390,4237,823,24,9,814
设备2,3,train,8743,0,6120,6114,3,204,5910
设备2,3,val,8743,6120,6995,875,0,35,840
设备2,3,test,8743,6995,8743,1745,3,46,1699
设备2,6,train,8743,0,6120,6108,6,204,5904
设备2,6,val,8743,6120,6995,875,0,35,840
设备2,6,test,8743,6995,8743,1742,6,45,1697
设备2,12,train,8743,0,6120,6096,12,204,5892
设备2,12,val,8743,6120,6995,875,0,35,840
设备2,12,test,8743,6995,8743,1736,12,45,1691
设备2,24,train,8743,0,6120,6072,24,203,5869
设备2,24,val,8743,6120,6995,875,0,35,840
设备2,24,test,8743,6995,8743,1724,24,45,1679
设备30,3,train,6576,0,4603,4588,12,371,4217
设备30,3,val,6576,4603,5261,658,0,30,628
设备30,3,test,6576,5261,6576,1312,3,17,1295
设备30,6,train,6576,0,4603,4573,24,370,4203
设备30,6,val,6576,4603,5261,658,0,30,628
设备30,6,test,6576,5261,6576,1309,6,17,1292
设备30,12,train,6576,0,4603,4543,48,370,4173
设备30,12,val,6576,4603,5261,658,0,30,628
设备30,12,test,6576,5261,6576,1303,12,17,1286
设备30,24,train,6576,0,4603,4483,96,370,4113
设备30,24,val,6576,4603,5261,658,0,30,628
设备30,24,test,6576,5261,6576,1291,24,17,1274
设备31,3,train,3935,0,2754,2732,19,31,2701
设备31,3,val,3935,2754,3148,394,0,4,390
设备31,3,test,3935,3148,3935,787,0,10,777
设备31,6,train,3935,0,2754,2716,32,30,2686
设备31,6,val,3935,2754,3148,394,0,4,390
设备31,6,test,3935,3148,3935,787,0,10,777
设备31,12,train,3935,0,2754,2686,56,29,2657
设备31,12,val,3935,2754,3148,394,0,4,390
设备31,12,test,3935,3148,3935,787,0,10,777
设备31,24,train,3935,0,2754,2626,104,28,2598
设备31,24,val,3935,2754,3148,394,0,4,390
设备31,24,test,3935,3148,3935,787,0,10,777
设备32,3,train,5151,0,3605,3589,13,120,3469
设备32,3,val,5151,3605,4121,516,0,20,496
设备32,3,test,5151,4121,5151,1024,6,15,1009
设备32,6,train,5151,0,3605,3574,25,120,3454
设备32,6,val,5151,3605,4121,516,0,20,496
设备32,6,test,5151,4121,5151,1018,12,15,1003
设备32,12,train,5151,0,3605,3544,49,118,3426
设备32,12,val,5151,3605,4121,516,0,20,496
设备32,12,test,5151,4121,5151,1006,24,15,991
设备32,24,train,5151,0,3605,3484,97,118,3366
设备32,24,val,5151,3605,4121,516,0,20,496
设备32,24,test,5151,4121,5151,982,48,15,967
设备33,3,train,4935,0,3454,3432,19,55,3377
设备33,3,val,4935,3454,3948,491,3,4,487
设备33,3,test,4935,3948,4935,987,0,12,975
设备33,6,train,4935,0,3454,3414,34,55,3359
设备33,6,val,4935,3454,3948,488,6,4,484
设备33,6,test,4935,3948,4935,987,0,12,975
设备33,12,train,4935,0,3454,3378,64,52,3326
设备33,12,val,4935,3454,3948,482,12,4,478
设备33,12,test,4935,3948,4935,987,0,12,975
设备33,24,train,4935,0,3454,3306,124,46,3260
设备33,24,val,4935,3454,3948,470,24,4,466
设备33,24,test,4935,3948,4935,987,0,12,975
设备34,3,train,8046,0,5632,5623,6,79,5544
设备34,3,val,8046,5632,6437,805,0,10,795
设备34,3,test,8046,6437,8046,1609,0,14,1595
设备34,6,train,8046,0,5632,5614,12,79,5535
设备34,6,val,8046,5632,6437,805,0,10,795
设备34,6,test,8046,6437,8046,1609,0,14,1595
设备34,12,train,8046,0,5632,5596,24,79,5517
设备34,12,val,8046,5632,6437,805,0,10,795
设备34,12,test,8046,6437,8046,1609,0,14,1595
设备34,24,train,8046,0,5632,5560,48,78,5482
设备34,24,val,8046,5632,6437,805,0,10,795
设备34,24,test,8046,6437,8046,1609,0,14,1595
设备35,3,train,3672,0,2570,2549,18,52,2497
设备35,3,val,3672,2570,2938,365,3,3,362
设备35,3,test,3672,2938,3672,731,3,3,728
设备35,6,train,3672,0,2570,2531,33,52,2479
设备35,6,val,3672,2570,2938,362,6,3,359
设备35,6,test,3672,2938,3672,728,6,3,725
设备35,12,train,3672,0,2570,2495,63,51,2444
设备35,12,val,3672,2570,2938,356,12,3,353
设备35,12,test,3672,2938,3672,722,12,3,719
设备35,24,train,3672,0,2570,2423,123,51,2372
设备35,24,val,3672,2570,2938,350,18,3,347
设备35,24,test,3672,2938,3672,704,30,3,701
设备36,3,train,5755,0,4028,4010,15,2312,1698
设备36,3,val,5755,4028,4604,576,0,285,291
设备36,3,test,5755,4604,5755,1148,3,227,921
设备36,6,train,5755,0,4028,3997,25,2310,1687
设备36,6,val,5755,4028,4604,576,0,285,291
设备36,6,test,5755,4604,5755,1145,6,227,918
设备36,12,train,5755,0,4028,3973,43,2309,1664
设备36,12,val,5755,4028,4604,576,0,285,291
设备36,12,test,5755,4604,5755,1139,12,227,912
设备36,24,train,5755,0,4028,3925,79,2308,1617
设备36,24,val,5755,4028,4604,576,0,285,291
设备36,24,test,5755,4604,5755,1127,24,227,900
设备37,3,train,6155,0,4308,4287,18,125,4162
设备37,3,val,6155,4308,4924,616,0,26,590
设备37,3,test,6155,4924,6155,1231,0,561,670
设备37,6,train,6155,0,4308,4266,36,123,4143
设备37,6,val,6155,4308,4924,616,0,26,590
设备37,6,test,6155,4924,6155,1231,0,561,670
设备37,12,train,6155,0,4308,4230,66,121,4109
设备37,12,val,6155,4308,4924,616,0,26,590
设备37,12,test,6155,4924,6155,1231,0,561,670
设备37,24,train,6155,0,4308,4158,126,121,4037
设备37,24,val,6155,4308,4924,616,0,26,590
设备37,24,test,6155,4924,6155,1231,0,561,670
设备38,3,train,2332,0,1632,1620,9,34,1586
设备38,3,val,2332,1632,1866,234,0,4,230
设备38,3,test,2332,1866,2332,463,3,3,460
设备38,6,train,2332,0,1632,1608,18,34,1574
设备38,6,val,2332,1632,1866,234,0,4,230
设备38,6,test,2332,1866,2332,460,6,3,457
设备38,12,train,2332,0,1632,1584,36,34,1550
设备38,12,val,2332,1632,1866,234,0,4,230
设备38,12,test,2332,1866,2332,454,12,3,451
设备38,24,train,2332,0,1632,1536,72,34,1502
设备38,24,val,2332,1632,1866,234,0,4,230
设备38,24,test,2332,1866,2332,442,24,3,439
设备39,3,train,3466,0,2426,2422,1,2141,281
设备39,3,val,3466,2426,2773,347,0,124,223
设备39,3,test,3466,2773,3466,690,3,5,685
设备39,6,train,3466,0,2426,2419,1,2141,278
设备39,6,val,3466,2426,2773,347,0,124,223
设备39,6,test,3466,2773,3466,687,6,5,682
设备39,12,train,3466,0,2426,2413,1,2141,272
设备39,12,val,3466,2426,2773,347,0,124,223
设备39,12,test,3466,2773,3466,681,12,5,676
设备39,24,train,3466,0,2426,2401,1,2141,260
设备39,24,val,3466,2426,2773,347,0,124,223
设备39,24,test,3466,2773,3466,669,24,5,664
设备3,3,train,6051,0,4235,4220,12,61,4159
设备3,3,val,6051,4235,4841,606,0,20,586
设备3,3,test,6051,4841,6051,1206,4,18,1188
设备3,6,train,6051,0,4235,4205,24,61,4144
设备3,6,val,6051,4235,4841,606,0,20,586
设备3,6,test,6051,4841,6051,1203,7,17,1186
设备3,12,train,6051,0,4235,4175,48,61,4114
设备3,12,val,6051,4235,4841,606,0,20,586
设备3,12,test,6051,4841,6051,1197,13,17,1180
设备3,24,train,6051,0,4235,4115,96,60,4055
设备3,24,val,6051,4235,4841,606,0,20,586
设备3,24,test,6051,4841,6051,1185,25,17,1168
设备40,3,train,2923,0,2046,2037,6,33,2004
设备40,3,val,2923,2046,2339,289,4,7,282
设备40,3,test,2923,2339,2923,581,3,9,572
设备40,6,train,2923,0,2046,2028,12,33,1995
设备40,6,val,2923,2046,2339,286,7,7,279
设备40,6,test,2923,2339,2923,578,6,9,569
设备40,12,train,2923,0,2046,2010,24,33,1977
设备40,12,val,2923,2046,2339,280,13,7,273
设备40,12,test,2923,2339,2923,572,12,9,563
设备40,24,train,2923,0,2046,1974,48,29,1945
设备40,24,val,2923,2046,2339,268,25,7,261
设备40,24,test,2923,2339,2923,560,24,9,551
设备41,3,train,626,0,438,435,0,5,430
设备41,3,val,626,438,501,63,0,0,63
设备41,3,test,626,501,626,125,0,2,123
设备41,6,train,626,0,438,432,0,5,427
设备41,6,val,626,438,501,63,0,0,63
设备41,6,test,626,501,626,125,0,2,123
设备41,12,train,626,0,438,426,0,5,421
设备41,12,val,626,438,501,63,0,0,63
设备41,12,test,626,501,626,125,0,2,123
设备41,24,train,626,0,438,414,0,5,409
设备41,24,val,626,438,501,63,0,0,63
设备41,24,test,626,501,626,125,0,2,123
设备42,3,train,9271,0,6489,6483,3,1711,4772
设备42,3,val,9271,6489,7417,928,0,163,765
设备42,3,test,9271,7417,9271,1854,0,130,1724
设备42,6,train,9271,0,6489,6477,6,1708,4769
设备42,6,val,9271,6489,7417,928,0,163,765
设备42,6,test,9271,7417,9271,1854,0,130,1724
设备42,12,train,9271,0,6489,6465,12,1702,4763
设备42,12,val,9271,6489,7417,928,0,163,765
设备42,12,test,9271,7417,9271,1854,0,130,1724
设备42,24,train,9271,0,6489,6441,24,1690,4751
设备42,24,val,9271,6489,7417,928,0,163,765
设备42,24,test,9271,7417,9271,1854,0,130,1724
设备43,3,train,4754,0,3327,3315,9,189,3126
设备43,3,val,4754,3327,3804,477,0,11,466
设备43,3,test,4754,3804,4754,944,6,23,921
设备43,6,train,4754,0,3327,3303,18,185,3118
设备43,6,val,4754,3327,3804,477,0,11,466
设备43,6,test,4754,3804,4754,938,12,21,917
设备43,12,train,4754,0,3327,3279,36,179,3100
设备43,12,val,4754,3327,3804,477,0,11,466
设备43,12,test,4754,3804,4754,926,24,20,906
设备43,24,train,4754,0,3327,3231,72,167,3064
设备43,24,val,4754,3327,3804,477,0,11,466
设备43,24,test,4754,3804,4754,902,48,20,882
设备44,3,train,8341,0,5838,5829,6,192,5637
设备44,3,val,8341,5838,6673,835,0,33,802
设备44,3,test,8341,6673,8341,1668,0,34,1634
设备44,6,train,8341,0,5838,5820,12,192,5628
设备44,6,val,8341,5838,6673,835,0,33,802
设备44,6,test,8341,6673,8341,1668,0,34,1634
设备44,12,train,8341,0,5838,5802,24,192,5610
设备44,12,val,8341,5838,6673,835,0,33,802
设备44,12,test,8341,6673,8341,1668,0,34,1634
设备44,24,train,8341,0,5838,5766,48,192,5574
设备44,24,val,8341,5838,6673,835,0,33,802
设备44,24,test,8341,6673,8341,1668,0,34,1634
设备45,3,train,8343,0,5840,5831,6,148,5683
设备45,3,val,8343,5840,6675,835,0,26,809
设备45,3,test,8343,6675,8343,1668,0,31,1637
设备45,6,train,8343,0,5840,5822,12,148,5674
设备45,6,val,8343,5840,6675,835,0,26,809
设备45,6,test,8343,6675,8343,1668,0,31,1637
设备45,12,train,8343,0,5840,5804,24,148,5656
设备45,12,val,8343,5840,6675,835,0,26,809
设备45,12,test,8343,6675,8343,1668,0,31,1637
设备45,24,train,8343,0,5840,5768,48,148,5620
设备45,24,val,8343,5840,6675,835,0,26,809
设备45,24,test,8343,6675,8343,1668,0,31,1637
设备46,3,train,5932,0,4152,4135,14,1120,3015
设备46,3,val,5932,4152,4746,594,0,252,342
设备46,3,test,5932,4746,5932,1183,3,460,723
设备46,6,train,5932,0,4152,4120,26,1120,3000
设备46,6,val,5932,4152,4746,594,0,252,342
设备46,6,test,5932,4746,5932,1180,6,460,720
设备46,12,train,5932,0,4152,4090,50,1120,2970
设备46,12,val,5932,4152,4746,594,0,252,342
设备46,12,test,5932,4746,5932,1174,12,460,714
设备46,24,train,5932,0,4152,4036,92,1118,2918
设备46,24,val,5932,4152,4746,594,0,252,342
设备46,24,test,5932,4746,5932,1162,24,458,704
设备47,3,train,9278,0,6494,6488,3,776,5712
设备47,3,val,9278,6494,7423,929,0,183,746
设备47,3,test,9278,7423,9278,1855,0,79,1776
设备47,6,train,9278,0,6494,6482,6,774,5708
设备47,6,val,9278,6494,7423,929,0,183,746
设备47,6,test,9278,7423,9278,1855,0,79,1776
设备47,12,train,9278,0,6494,6470,12,774,5696
设备47,12,val,9278,6494,7423,929,0,183,746
设备47,12,test,9278,7423,9278,1855,0,79,1776
设备47,24,train,9278,0,6494,6446,24,774,5672
设备47,24,val,9278,6494,7423,929,0,183,746
设备47,24,test,9278,7423,9278,1855,0,79,1776
设备48,3,train,2416,0,1691,1668,20,18,1650
设备48,3,val,2416,1691,1933,242,0,1,241
设备48,3,test,2416,1933,2416,480,3,3,477
设备48,6,train,2416,0,1691,1647,38,18,1629
设备48,6,val,2416,1691,1933,242,0,1,241
设备48,6,test,2416,1933,2416,477,6,3,474
设备48,12,train,2416,0,1691,1605,74,18,1587
设备48,12,val,2416,1691,1933,242,0,1,241
设备48,12,test,2416,1933,2416,471,12,3,468
设备48,24,train,2416,0,1691,1527,140,17,1510
设备48,24,val,2416,1691,1933,242,0,1,241
设备48,24,test,2416,1933,2416,459,24,3,456
设备49,3,train,7820,0,5474,5465,6,121,5344
设备49,3,val,7820,5474,6256,782,0,22,760
设备49,3,test,7820,6256,7820,1561,3,28,1533
设备49,6,train,7820,0,5474,5456,12,120,5336
设备49,6,val,7820,5474,6256,782,0,22,760
设备49,6,test,7820,6256,7820,1558,6,28,1530
设备49,12,train,7820,0,5474,5438,24,120,5318
设备49,12,val,7820,5474,6256,782,0,22,760
设备49,12,test,7820,6256,7820,1552,12,28,1524
设备49,24,train,7820,0,5474,5402,48,118,5284
设备49,24,val,7820,5474,6256,782,0,22,760
设备49,24,test,7820,6256,7820,1540,24,28,1512
设备4,3,train,4125,0,2887,2867,17,37,2830
设备4,3,val,4125,2887,3300,410,3,2,408
设备4,3,test,4125,3300,4125,822,3,9,813
设备4,6,train,4125,0,2887,2851,30,35,2816
设备4,6,val,4125,2887,3300,407,6,1,406
设备4,6,test,4125,3300,4125,819,6,9,810
设备4,12,train,4125,0,2887,2821,54,34,2787
设备4,12,val,4125,2887,3300,401,12,1,400
设备4,12,test,4125,3300,4125,813,12,9,804
设备4,24,train,4125,0,2887,2761,102,34,2727
设备4,24,val,4125,2887,3300,389,24,1,388
设备4,24,test,4125,3300,4125,801,24,9,792
设备50,3,train,9220,0,6454,6448,3,467,5981
设备50,3,val,9220,6454,7376,922,0,60,862
设备50,3,test,9220,7376,9220,1844,0,72,1772
设备50,6,train,9220,0,6454,6442,6,467,5975
设备50,6,val,9220,6454,7376,922,0,60,862
设备50,6,test,9220,7376,9220,1844,0,72,1772
设备50,12,train,9220,0,6454,6430,12,466,5964
设备50,12,val,9220,6454,7376,922,0,60,862
设备50,12,test,9220,7376,9220,1844,0,72,1772
设备50,24,train,9220,0,6454,6406,24,466,5940
设备50,24,val,9220,6454,7376,922,0,60,862
设备50,24,test,9220,7376,9220,1844,0,72,1772
设备51,3,train,9220,0,6454,6448,3,470,5978
设备51,3,val,9220,6454,7376,922,0,41,881
设备51,3,test,9220,7376,9220,1844,0,38,1806
设备51,6,train,9220,0,6454,6442,6,470,5972
设备51,6,val,9220,6454,7376,922,0,41,881
设备51,6,test,9220,7376,9220,1844,0,38,1806
设备51,12,train,9220,0,6454,6430,12,469,5961
设备51,12,val,9220,6454,7376,922,0,41,881
设备51,12,test,9220,7376,9220,1844,0,38,1806
设备51,24,train,9220,0,6454,6406,24,469,5937
设备51,24,val,9220,6454,7376,922,0,41,881
设备51,24,test,9220,7376,9220,1844,0,38,1806
设备52,3,train,8686,0,6080,6074,3,208,5866
设备52,3,val,8686,6080,6949,869,0,20,849
设备52,3,test,8686,6949,8686,1734,3,36,1698
设备52,6,train,8686,0,6080,6068,6,208,5860
设备52,6,val,8686,6080,6949,869,0,20,849
设备52,6,test,8686,6949,8686,1731,6,36,1695
设备52,12,train,8686,0,6080,6056,12,206,5850
设备52,12,val,8686,6080,6949,869,0,20,849
设备52,12,test,8686,6949,8686,1725,12,36,1689
设备52,24,train,8686,0,6080,6032,24,206,5826
设备52,24,val,8686,6080,6949,869,0,20,849
设备52,24,test,8686,6949,8686,1713,24,36,1677
设备53,3,train,8395,0,5876,5865,8,160,5705
设备53,3,val,8395,5876,6716,840,0,12,828
设备53,3,test,8395,6716,8395,1679,0,24,1655
设备53,6,train,8395,0,5876,5856,14,160,5696
设备53,6,val,8395,5876,6716,840,0,12,828
设备53,6,test,8395,6716,8395,1679,0,24,1655
设备53,12,train,8395,0,5876,5838,26,159,5679
设备53,12,val,8395,5876,6716,840,0,12,828
设备53,12,test,8395,6716,8395,1679,0,24,1655
设备53,24,train,8395,0,5876,5802,50,159,5643
设备53,24,val,8395,5876,6716,840,0,12,828
设备53,24,test,8395,6716,8395,1679,0,24,1655
设备54,3,train,8218,0,5752,5740,9,288,5452
设备54,3,val,8218,5752,6575,823,0,41,782
设备54,3,test,8218,6575,8218,1643,0,40,1603
设备54,6,train,8218,0,5752,5728,18,288,5440
设备54,6,val,8218,5752,6575,823,0,41,782
设备54,6,test,8218,6575,8218,1643,0,40,1603
设备54,12,train,8218,0,5752,5704,36,288,5416
设备54,12,val,8218,5752,6575,823,0,41,782
设备54,12,test,8218,6575,8218,1643,0,40,1603
设备54,24,train,8218,0,5752,5656,72,288,5368
设备54,24,val,8218,5752,6575,823,0,41,782
设备54,24,test,8218,6575,8218,1643,0,40,1603
设备55,3,train,8216,0,5751,5739,9,212,5527
设备55,3,val,8216,5751,6573,822,0,30,792
设备55,3,test,8216,6573,8216,1643,0,31,1612
设备55,6,train,8216,0,5751,5727,18,212,5515
设备55,6,val,8216,5751,6573,822,0,30,792
设备55,6,test,8216,6573,8216,1643,0,31,1612
设备55,12,train,8216,0,5751,5703,36,212,5491
设备55,12,val,8216,5751,6573,822,0,30,792
设备55,12,test,8216,6573,8216,1643,0,31,1612
设备55,24,train,8216,0,5751,5655,72,212,5443
设备55,24,val,8216,5751,6573,822,0,30,792
设备55,24,test,8216,6573,8216,1643,0,31,1612
设备56,3,train,8112,0,5678,5666,9,799,4867
设备56,3,val,8112,5678,6490,812,0,20,792
设备56,3,test,8112,6490,8112,1622,0,32,1590
设备56,6,train,8112,0,5678,5654,18,799,4855
设备56,6,val,8112,5678,6490,812,0,20,792
设备56,6,test,8112,6490,8112,1622,0,32,1590
设备56,12,train,8112,0,5678,5630,36,799,4831
设备56,12,val,8112,5678,6490,812,0,20,792
设备56,12,test,8112,6490,8112,1622,0,32,1590
设备56,24,train,8112,0,5678,5582,72,797,4785
设备56,24,val,8112,5678,6490,812,0,20,792
设备56,24,test,8112,6490,8112,1622,0,32,1590
设备57,3,train,8017,0,5611,5599,9,351,5248
设备57,3,val,8017,5611,6414,803,0,48,755
设备57,3,test,8017,6414,8017,1600,3,47,1553
设备57,6,train,8017,0,5611,5587,18,351,5236
设备57,6,val,8017,5611,6414,803,0,48,755
设备57,6,test,8017,6414,8017,1597,6,46,1551
设备57,12,train,8017,0,5611,5563,36,349,5214
设备57,12,val,8017,5611,6414,803,0,48,755
设备57,12,test,8017,6414,8017,1591,12,46,1545
设备57,24,train,8017,0,5611,5515,72,349,5166
设备57,24,val,8017,5611,6414,803,0,48,755
设备57,24,test,8017,6414,8017,1579,24,45,1534
设备58,3,train,9294,0,6505,6499,3,2180,4319
设备58,3,val,9294,6505,7436,931,0,399,532
设备58,3,test,9294,7436,9294,1858,0,781,1077
设备58,6,train,9294,0,6505,6493,6,2177,4316
设备58,6,val,9294,6505,7436,931,0,399,532
设备58,6,test,9294,7436,9294,1858,0,781,1077
设备58,12,train,9294,0,6505,6481,12,2171,4310
设备58,12,val,9294,6505,7436,931,0,399,532
设备58,12,test,9294,7436,9294,1858,0,781,1077
设备58,24,train,9294,0,6505,6457,24,2159,4298
设备58,24,val,9294,6505,7436,931,0,399,532
设备58,24,test,9294,7436,9294,1858,0,781,1077
设备59,3,train,218,0,152,149,0,0,149
设备59,3,val,218,152,175,23,0,0,23
设备59,3,test,218,175,218,41,2,1,40
设备59,6,train,218,0,152,146,0,0,146
设备59,6,val,218,152,175,23,0,0,23
设备59,6,test,218,175,218,41,2,1,40
设备59,12,train,218,0,152,140,0,0,140
设备59,12,val,218,152,175,23,0,0,23
设备59,12,test,218,175,218,41,2,1,40
设备59,24,train,218,0,152,128,0,0,128
设备59,24,val,218,152,175,23,0,0,23
设备59,24,test,218,175,218,41,2,1,40
设备5,3,train,8567,0,5996,5987,6,336,5651
设备5,3,val,8567,5996,6854,858,0,45,813
设备5,3,test,8567,6854,8567,1713,0,26,1687
设备5,6,train,8567,0,5996,5978,12,336,5642
设备5,6,val,8567,5996,6854,858,0,45,813
设备5,6,test,8567,6854,8567,1713,0,26,1687
设备5,12,train,8567,0,5996,5960,24,336,5624
设备5,12,val,8567,5996,6854,858,0,45,813
设备5,12,test,8567,6854,8567,1713,0,26,1687
设备5,24,train,8567,0,5996,5924,48,335,5589
设备5,24,val,8567,5996,6854,858,0,45,813
设备5,24,test,8567,6854,8567,1713,0,26,1687
设备60,3,train,8162,0,5713,5704,6,1106,4598
设备60,3,val,8162,5713,6530,817,0,11,806
设备60,3,test,8162,6530,8162,1629,3,16,1613
设备60,6,train,8162,0,5713,5695,12,1102,4593
设备60,6,val,8162,5713,6530,817,0,11,806
设备60,6,test,8162,6530,8162,1626,6,16,1610
设备60,12,train,8162,0,5713,5677,24,1098,4579
设备60,12,val,8162,5713,6530,817,0,11,806
设备60,12,test,8162,6530,8162,1620,12,16,1604
设备60,24,train,8162,0,5713,5641,48,1087,4554
设备60,24,val,8162,5713,6530,817,0,11,806
设备60,24,test,8162,6530,8162,1608,24,16,1592
设备61,3,train,7064,0,4944,4932,9,161,4771
设备61,3,val,7064,4944,5652,708,0,9,699
设备61,3,test,7064,5652,7064,1406,6,18,1388
设备61,6,train,7064,0,4944,4920,18,161,4759
设备61,6,val,7064,4944,5652,708,0,9,699
设备61,6,test,7064,5652,7064,1400,12,18,1382
设备61,12,train,7064,0,4944,4896,36,161,4735
设备61,12,val,7064,4944,5652,708,0,9,699
设备61,12,test,7064,5652,7064,1388,24,16,1372
设备61,24,train,7064,0,4944,4848,72,161,4687
设备61,24,val,7064,4944,5652,708,0,9,699
设备61,24,test,7064,5652,7064,1364,48,15,1349
设备62,3,train,271,0,189,186,0,0,186
设备62,3,val,271,189,217,28,0,0,28
设备62,3,test,271,217,271,48,6,3,45
设备62,6,train,271,0,189,183,0,0,183
设备62,6,val,271,189,217,28,0,0,28
设备62,6,test,271,217,271,42,12,3,39
设备62,12,train,271,0,189,177,0,0,177
设备62,12,val,271,189,217,28,0,0,28
设备62,12,test,271,217,271,30,24,3,27
设备62,24,train,271,0,189,165,0,0,165
设备62,24,val,271,189,217,28,0,0,28
设备62,24,test,271,217,271,6,48,2,4
设备63,3,train,9192,0,6434,6428,3,384,6044
设备63,3,val,9192,6434,7354,920,0,76,844
设备63,3,test,9192,7354,9192,1838,0,49,1789
设备63,6,train,9192,0,6434,6422,6,384,6038
设备63,6,val,9192,6434,7354,920,0,76,844
设备63,6,test,9192,7354,9192,1838,0,49,1789
设备63,12,train,9192,0,6434,6410,12,384,6026
设备63,12,val,9192,6434,7354,920,0,76,844
设备63,12,test,9192,7354,9192,1838,0,49,1789
设备63,24,train,9192,0,6434,6386,24,384,6002
设备63,24,val,9192,6434,7354,920,0,76,844
设备63,24,test,9192,7354,9192,1838,0,49,1789
设备64,3,train,9192,0,6434,6428,3,330,6098
设备64,3,val,9192,6434,7354,920,0,64,856
设备64,3,test,9192,7354,9192,1838,0,43,1795
设备64,6,train,9192,0,6434,6422,6,330,6092
设备64,6,val,9192,6434,7354,920,0,64,856
设备64,6,test,9192,7354,9192,1838,0,43,1795
设备64,12,train,9192,0,6434,6410,12,330,6080
设备64,12,val,9192,6434,7354,920,0,64,856
设备64,12,test,9192,7354,9192,1838,0,43,1795
设备64,24,train,9192,0,6434,6386,24,330,6056
设备64,24,val,9192,6434,7354,920,0,64,856
设备64,24,test,9192,7354,9192,1838,0,43,1795
设备65,3,train,8017,0,5611,5605,3,239,5366
设备65,3,val,8017,5611,6414,803,0,40,763
设备65,3,test,8017,6414,8017,1597,6,55,1542
设备65,6,train,8017,0,5611,5599,6,239,5360
设备65,6,val,8017,5611,6414,803,0,40,763
设备65,6,test,8017,6414,8017,1591,12,55,1536
设备65,12,train,8017,0,5611,5587,12,238,5349
设备65,12,val,8017,5611,6414,803,0,40,763
设备65,12,test,8017,6414,8017,1579,24,55,1524
设备65,24,train,8017,0,5611,5563,24,238,5325
设备65,24,val,8017,5611,6414,803,0,40,763
设备65,24,test,8017,6414,8017,1555,48,55,1500
设备66,3,train,6923,0,4846,4834,9,178,4656
设备66,3,val,6923,4846,5539,693,0,24,669
设备66,3,test,6923,5539,6923,1378,6,22,1356
设备66,6,train,6923,0,4846,4822,18,178,4644
设备66,6,val,6923,4846,5539,693,0,24,669
设备66,6,test,6923,5539,6923,1372,12,22,1350
设备66,12,train,6923,0,4846,4798,36,178,4620
设备66,12,val,6923,4846,5539,693,0,24,669
设备66,12,test,6923,5539,6923,1360,24,22,1338
设备66,24,train,6923,0,4846,4750,72,178,4572
设备66,24,val,6923,4846,5539,693,0,24,669
设备66,24,test,6923,5539,6923,1336,48,22,1314
设备67,3,train,8808,0,6165,6159,3,321,5838
设备67,3,val,8808,6165,7047,882,0,85,797
设备67,3,test,8808,7047,8808,1758,3,60,1698
设备67,6,train,8808,0,6165,6153,6,321,5832
设备67,6,val,8808,6165,7047,882,0,85,797
设备67,6,test,8808,7047,8808,1755,6,60,1695
设备67,12,train,8808,0,6165,6141,12,321,5820
设备67,12,val,8808,6165,7047,882,0,85,797
设备67,12,test,8808,7047,8808,1749,12,60,1689
设备67,24,train,8808,0,6165,6117,24,320,5797
设备67,24,val,8808,6165,7047,882,0,85,797
设备67,24,test,8808,7047,8808,1737,24,60,1677
设备68,3,train,2177,0,1523,1508,12,18,1490
设备68,3,val,2177,1523,1742,219,0,1,218
设备68,3,test,2177,1742,2177,428,7,4,424
设备68,6,train,2177,0,1523,1496,21,17,1479
设备68,6,val,2177,1523,1742,219,0,1,218
设备68,6,test,2177,1742,2177,422,13,4,418
设备68,12,train,2177,0,1523,1472,39,17,1455
设备68,12,val,2177,1523,1742,219,0,1,218
设备68,12,test,2177,1742,2177,410,25,4,406
设备68,24,train,2177,0,1523,1424,75,14,1410
设备68,24,val,2177,1523,1742,219,0,1,218
设备68,24,test,2177,1742,2177,386,49,4,382
设备69,3,train,9128,0,6389,6383,3,505,5878
设备69,3,val,9128,6389,7303,914,0,95,819
设备69,3,test,9128,7303,9128,1825,0,76,1749
设备69,6,train,9128,0,6389,6377,6,505,5872
设备69,6,val,9128,6389,7303,914,0,95,819
设备69,6,test,9128,7303,9128,1825,0,76,1749
设备69,12,train,9128,0,6389,6365,12,503,5862
设备69,12,val,9128,6389,7303,914,0,95,819
设备69,12,test,9128,7303,9128,1825,0,76,1749
设备69,24,train,9128,0,6389,6341,24,503,5838
设备69,24,val,9128,6389,7303,914,0,95,819
设备69,24,test,9128,7303,9128,1825,0,76,1749
设备6,3,train,7919,0,5543,5536,4,588,4948
设备6,3,val,7919,5543,6336,793,0,20,773
设备6,3,test,7919,6336,7919,1583,0,23,1560
设备6,6,train,7919,0,5543,5530,7,588,4942
设备6,6,val,7919,5543,6336,793,0,20,773
设备6,6,test,7919,6336,7919,1583,0,23,1560
设备6,12,train,7919,0,5543,5518,13,588,4930
设备6,12,val,7919,5543,6336,793,0,20,773
设备6,12,test,7919,6336,7919,1583,0,23,1560
设备6,24,train,7919,0,5543,5494,25,588,4906
设备6,24,val,7919,5543,6336,793,0,20,773
设备6,24,test,7919,6336,7919,1583,0,23,1560
设备70,3,train,9247,0,6472,6466,3,362,6104
设备70,3,val,9247,6472,7398,926,0,59,867
设备70,3,test,9247,7398,9247,1849,0,71,1778
设备70,6,train,9247,0,6472,6460,6,362,6098
设备70,6,val,9247,6472,7398,926,0,59,867
设备70,6,test,9247,7398,9247,1849,0,71,1778
设备70,12,train,9247,0,6472,6448,12,362,6086
设备70,12,val,9247,6472,7398,926,0,59,867
设备70,12,test,9247,7398,9247,1849,0,71,1778
设备70,24,train,9247,0,6472,6424,24,362,6062
设备70,24,val,9247,6472,7398,926,0,59,867
设备70,24,test,9247,7398,9247,1849,0,71,1778
设备71,3,train,8934,0,6253,6247,3,471,5776
设备71,3,val,8934,6253,7148,895,0,116,779
设备71,3,test,8934,7148,8934,1783,3,112,1671
设备71,6,train,8934,0,6253,6241,6,471,5770
设备71,6,val,8934,6253,7148,895,0,116,779
设备71,6,test,8934,7148,8934,1780,6,112,1668
设备71,12,train,8934,0,6253,6229,12,470,5759
设备71,12,val,8934,6253,7148,895,0,116,779
设备71,12,test,8934,7148,8934,1774,12,112,1662
设备71,24,train,8934,0,6253,6205,24,468,5737
设备71,24,val,8934,6253,7148,895,0,116,779
设备71,24,test,8934,7148,8934,1762,24,112,1650
设备72,3,train,8934,0,6253,6247,3,443,5804
设备72,3,val,8934,6253,7148,895,0,107,788
设备72,3,test,8934,7148,8934,1783,3,106,1677
设备72,6,train,8934,0,6253,6241,6,443,5798
设备72,6,val,8934,6253,7148,895,0,107,788
设备72,6,test,8934,7148,8934,1780,6,106,1674
设备72,12,train,8934,0,6253,6229,12,442,5787
设备72,12,val,8934,6253,7148,895,0,107,788
设备72,12,test,8934,7148,8934,1774,12,106,1668
设备72,24,train,8934,0,6253,6205,24,441,5764
设备72,24,val,8934,6253,7148,895,0,107,788
设备72,24,test,8934,7148,8934,1762,24,106,1656
设备73,3,train,8861,0,6202,6196,3,490,5706
设备73,3,val,8861,6202,7089,887,0,104,783
设备73,3,test,8861,7089,8861,1769,3,111,1658
设备73,6,train,8861,0,6202,6190,6,489,5701
设备73,6,val,8861,6202,7089,887,0,104,783
设备73,6,test,8861,7089,8861,1766,6,111,1655
设备73,12,train,8861,0,6202,6178,12,487,5691
设备73,12,val,8861,6202,7089,887,0,104,783
设备73,12,test,8861,7089,8861,1760,12,111,1649
设备73,24,train,8861,0,6202,6154,24,485,5669
设备73,24,val,8861,6202,7089,887,0,104,783
设备73,24,test,8861,7089,8861,1748,24,111,1637
设备74,3,train,8861,0,6202,6196,3,298,5898
设备74,3,val,8861,6202,7089,887,0,56,831
设备74,3,test,8861,7089,8861,1769,3,69,1700
设备74,6,train,8861,0,6202,6190,6,297,5893
设备74,6,val,8861,6202,7089,887,0,56,831
设备74,6,test,8861,7089,8861,1766,6,69,1697
设备74,12,train,8861,0,6202,6178,12,296,5882
设备74,12,val,8861,6202,7089,887,0,56,831
设备74,12,test,8861,7089,8861,1760,12,69,1691
设备74,24,train,8861,0,6202,6154,24,295,5859
设备74,24,val,8861,6202,7089,887,0,56,831
设备74,24,test,8861,7089,8861,1748,24,69,1679
设备75,3,train,7702,0,5391,5379,9,153,5226
设备75,3,val,7702,5391,6162,771,0,12,759
设备75,3,test,7702,6162,7702,1537,3,46,1491
设备75,6,train,7702,0,5391,5367,18,153,5214
设备75,6,val,7702,5391,6162,771,0,12,759
设备75,6,test,7702,6162,7702,1534,6,46,1488
设备75,12,train,7702,0,5391,5343,36,152,5191
设备75,12,val,7702,5391,6162,771,0,12,759
设备75,12,test,7702,6162,7702,1528,12,46,1482
设备75,24,train,7702,0,5391,5295,72,151,5144
设备75,24,val,7702,5391,6162,771,0,12,759
设备75,24,test,7702,6162,7702,1516,24,46,1470
设备76,3,train,7431,0,5201,5188,10,133,5055
设备76,3,val,7431,5201,5945,744,0,20,724
设备76,3,test,7431,5945,7431,1483,3,30,1453
设备76,6,train,7431,0,5201,5176,19,133,5043
设备76,6,val,7431,5201,5945,744,0,20,724
设备76,6,test,7431,5945,7431,1480,6,29,1451
设备76,12,train,7431,0,5201,5152,37,132,5020
设备76,12,val,7431,5201,5945,744,0,20,724
设备76,12,test,7431,5945,7431,1474,12,28,1446
设备76,24,train,7431,0,5201,5104,73,131,4973
设备76,24,val,7431,5201,5945,744,0,20,724
设备76,24,test,7431,5945,7431,1462,24,28,1434
设备77,3,train,1342,0,939,926,10,4,922
设备77,3,val,1342,939,1074,128,7,1,127
设备77,3,test,1342,1074,1342,265,3,3,262
设备77,6,train,1342,0,939,917,16,4,913
设备77,6,val,1342,939,1074,122,13,1,121
设备77,6,test,1342,1074,1342,262,6,3,259
设备77,12,train,1342,0,939,899,28,4,895
设备77,12,val,1342,939,1074,110,25,1,109
设备77,12,test,1342,1074,1342,256,12,3,253
设备77,24,train,1342,0,939,863,52,4,859
设备77,24,val,1342,939,1074,86,49,1,85
设备77,24,test,1342,1074,1342,244,24,3,241
设备78,3,train,5677,0,3973,3958,12,412,3546
设备78,3,val,5677,3973,4542,569,0,55,514
设备78,3,test,5677,4542,5677,1129,6,13,1116
设备78,6,train,5677,0,3973,3943,24,411,3532
设备78,6,val,5677,3973,4542,569,0,55,514
设备78,6,test,5677,4542,5677,1123,12,13,1110
设备78,12,train,5677,0,3973,3913,48,409,3504
设备78,12,val,5677,3973,4542,569,0,55,514
设备78,12,test,5677,4542,5677,1113,22,12,1101
设备78,24,train,5677,0,3973,3859,90,408,3451
设备78,24,val,5677,3973,4542,569,0,55,514
设备78,24,test,5677,4542,5677,1101,34,12,1089
设备79,3,train,8005,0,5603,5588,12,217,5371
设备79,3,val,8005,5603,6404,801,0,33,768
设备79,3,test,8005,6404,8005,1601,0,34,1567
设备79,6,train,8005,0,5603,5573,24,215,5358
设备79,6,val,8005,5603,6404,801,0,33,768
设备79,6,test,8005,6404,8005,1601,0,34,1567
设备79,12,train,8005,0,5603,5543,48,214,5329
设备79,12,val,8005,5603,6404,801,0,33,768
设备79,12,test,8005,6404,8005,1601,0,34,1567
设备79,24,train,8005,0,5603,5483,96,214,5269
设备79,24,val,8005,5603,6404,801,0,33,768
设备79,24,test,8005,6404,8005,1601,0,34,1567
设备7,3,train,2279,0,1595,1592,0,141,1451
设备7,3,val,2279,1595,1824,229,0,8,221
设备7,3,test,2279,1824,2279,455,0,17,438
设备7,6,train,2279,0,1595,1589,0,141,1448
设备7,6,val,2279,1595,1824,229,0,8,221
设备7,6,test,2279,1824,2279,455,0,17,438
设备7,12,train,2279,0,1595,1583,0,141,1442
设备7,12,val,2279,1595,1824,229,0,8,221
设备7,12,test,2279,1824,2279,455,0,17,438
设备7,24,train,2279,0,1595,1571,0,141,1430
设备7,24,val,2279,1595,1824,229,0,8,221
设备7,24,test,2279,1824,2279,455,0,17,438
设备80,3,train,8893,0,6225,6216,6,214,6002
设备80,3,val,8893,6225,7115,890,0,49,841
设备80,3,test,8893,7115,8893,1778,0,38,1740
设备80,6,train,8893,0,6225,6207,12,214,5993
设备80,6,val,8893,6225,7115,890,0,49,841
设备80,6,test,8893,7115,8893,1778,0,38,1740
设备80,12,train,8893,0,6225,6189,24,213,5976
设备80,12,val,8893,6225,7115,890,0,49,841
设备80,12,test,8893,7115,8893,1778,0,38,1740
设备80,24,train,8893,0,6225,6153,48,213,5940
设备80,24,val,8893,6225,7115,890,0,49,841
设备80,24,test,8893,7115,8893,1778,0,38,1740
设备81,3,train,964,0,674,671,0,13,658
设备81,3,val,964,674,772,98,0,16,82
设备81,3,test,964,772,964,192,0,14,178
设备81,6,train,964,0,674,668,0,13,655
设备81,6,val,964,674,772,98,0,16,82
设备81,6,test,964,772,964,192,0,14,178
设备81,12,train,964,0,674,662,0,13,649
设备81,12,val,964,674,772,98,0,16,82
设备81,12,test,964,772,964,192,0,14,178
设备81,24,train,964,0,674,650,0,13,637
设备81,24,val,964,674,772,98,0,16,82
设备81,24,test,964,772,964,192,0,14,178
设备82,3,train,8838,0,6186,6177,6,422,5755
设备82,3,val,8838,6186,7071,885,0,53,832
设备82,3,test,8838,7071,8838,1767,0,32,1735
设备82,6,train,8838,0,6186,6168,12,422,5746
设备82,6,val,8838,6186,7071,885,0,53,832
设备82,6,test,8838,7071,8838,1767,0,32,1735
设备82,12,train,8838,0,6186,6150,24,422,5728
设备82,12,val,8838,6186,7071,885,0,53,832
设备82,12,test,8838,7071,8838,1767,0,32,1735
设备82,24,train,8838,0,6186,6114,48,422,5692
设备82,24,val,8838,6186,7071,885,0,53,832
设备82,24,test,8838,7071,8838,1767,0,32,1735
设备83,3,train,9271,0,6489,6483,3,601,5882
设备83,3,val,9271,6489,7417,928,0,128,800
设备83,3,test,9271,7417,9271,1854,0,183,1671
设备83,6,train,9271,0,6489,6477,6,600,5877
设备83,6,val,9271,6489,7417,928,0,128,800
设备83,6,test,9271,7417,9271,1854,0,183,1671
设备83,12,train,9271,0,6489,6465,12,598,5867
设备83,12,val,9271,6489,7417,928,0,128,800
设备83,12,test,9271,7417,9271,1854,0,183,1671
设备83,24,train,9271,0,6489,6441,24,597,5844
设备83,24,val,9271,6489,7417,928,0,128,800
设备83,24,test,9271,7417,9271,1854,0,183,1671
设备84,3,train,2085,0,1459,1437,19,19,1418
设备84,3,val,2085,1459,1668,209,0,1,208
设备84,3,test,2085,1668,2085,414,3,5,409
设备84,6,train,2085,0,1459,1419,34,17,1402
设备84,6,val,2085,1459,1668,209,0,1,208
设备84,6,test,2085,1668,2085,411,6,5,406
设备84,12,train,2085,0,1459,1384,63,17,1367
设备84,12,val,2085,1459,1668,208,1,1,207
设备84,12,test,2085,1668,2085,405,12,5,400
设备84,24,train,2085,0,1459,1324,111,16,1308
设备84,24,val,2085,1459,1668,196,13,1,195
设备84,24,test,2085,1668,2085,393,24,5,388
设备85,3,train,9248,0,6473,6467,3,703,5764
设备85,3,val,9248,6473,7399,926,0,98,828
设备85,3,test,9248,7399,9248,1849,0,60,1789
设备85,6,train,9248,0,6473,6461,6,701,5760
设备85,6,val,9248,6473,7399,926,0,98,828
设备85,6,test,9248,7399,9248,1849,0,60,1789
设备85,12,train,9248,0,6473,6449,12,699,5750
设备85,12,val,9248,6473,7399,926,0,98,828
设备85,12,test,9248,7399,9248,1849,0,60,1789
设备85,24,train,9248,0,6473,6425,24,698,5727
设备85,24,val,9248,6473,7399,926,0,98,828
设备85,24,test,9248,7399,9248,1849,0,60,1789
设备86,3,train,9293,0,6505,6499,3,2349,4150
设备86,3,val,9293,6505,7435,930,0,115,815
设备86,3,test,9293,7435,9293,1858,0,88,1770
设备86,6,train,9293,0,6505,6493,6,2345,4148
设备86,6,val,9293,6505,7435,930,0,115,815
设备86,6,test,9293,7435,9293,1858,0,88,1770
设备86,12,train,9293,0,6505,6481,12,2338,4143
设备86,12,val,9293,6505,7435,930,0,115,815
设备86,12,test,9293,7435,9293,1858,0,88,1770
设备86,24,train,9293,0,6505,6457,24,2326,4131
设备86,24,val,9293,6505,7435,930,0,115,815
设备86,24,test,9293,7435,9293,1858,0,88,1770
设备8,3,train,1291,0,903,900,0,25,875
设备8,3,val,1291,903,1033,130,0,8,122
设备8,3,test,1291,1033,1291,255,3,12,243
设备8,6,train,1291,0,903,897,0,25,872
设备8,6,val,1291,903,1033,130,0,8,122
设备8,6,test,1291,1033,1291,252,6,12,240
设备8,12,train,1291,0,903,891,0,25,866
设备8,12,val,1291,903,1033,130,0,8,122
设备8,12,test,1291,1033,1291,246,12,11,235
设备8,24,train,1291,0,903,879,0,25,854
设备8,24,val,1291,903,1033,130,0,8,122
设备8,24,test,1291,1033,1291,234,24,11,223
设备9,3,train,1291,0,903,900,0,21,879
设备9,3,val,1291,903,1033,130,0,7,123
设备9,3,test,1291,1033,1291,255,3,11,244
设备9,6,train,1291,0,903,897,0,21,876
设备9,6,val,1291,903,1033,130,0,7,123
设备9,6,test,1291,1033,1291,252,6,11,241
设备9,12,train,1291,0,903,891,0,21,870
设备9,12,val,1291,903,1033,130,0,7,123
设备9,12,test,1291,1033,1291,246,12,10,236
设备9,24,train,1291,0,903,879,0,21,858
设备9,24,val,1291,903,1033,130,0,7,123
设备9,24,test,1291,1033,1291,234,24,10,224
