Device,Model,Seq_Len,MSE,MAE
设备0,iTransformer,3,0.08109355,0.039662123
设备0,iTransformer,6,0.08001984,0.043728363
设备0,iTransformer,12,0.07957427,0.051965594
设备0,iTransformer,24,0.07380967,0.050934985
设备1,PatchTST,3,0.0020960155,0.002867773
设备1,PatchTST,6,0.001972269,0.0029067402
设备1,PatchTST,12,0.002155353,0.0041152705
设备1,PatchTST,24,0.0021550937,0.004586459
设备10,PatchTST,3,0.002977719,0.004173195
设备10,PatchTST,6,0.0031184906,0.004883328
设备10,PatchTST,12,0.0029893385,0.004300164
设备10,PatchTST,24,0.0031012907,0.0059229718
设备11,PatchTST,3,0.0029887059,0.004188184
设备11,PatchTST,6,0.0031138323,0.004881348
设备11,PatchTST,12,0.0029969926,0.00432881
设备11,PatchTST,24,0.0031244352,0.0062765493
设备12,iTransformer,3,0.0019782512,0.0036935133
设备12,iTransformer,6,0.001978884,0.0028061143
设备12,iTransformer,12,0.0019784258,0.0030648843
设备12,iTransformer,24,0.0019739582,0.0031315496
设备13,iTransformer,3,0.0019743512,0.0036314104
设备13,iTransformer,6,0.0019819844,0.002863295
设备13,iTransformer,12,0.001985386,0.0029912302
设备13,iTransformer,24,0.0019689426,0.0031000313
设备14,iTransformer,3,0.11092055,0.05353921
设备14,iTransformer,6,0.10781243,0.055789117
设备14,iTransformer,12,0.10866965,0.06196589
设备14,iTransformer,24,0.10752924,0.06823503
设备15,PatchTST,3,7.3192844e-08,0.00027054173
设备15,PatchTST,6,9.977423e-07,0.0009988706
设备15,PatchTST,12,3.229804e-08,0.00017971659
设备15,PatchTST,24,9.804375e-08,0.00031311944
设备16,PatchTST,3,0.0039485986,0.005577442
设备16,PatchTST,6,0.0035379417,0.005148872
设备16,PatchTST,12,0.0036144871,0.005632962
设备16,PatchTST,24,0.0035172733,0.005603015
设备17,PatchTST,3,0.0029380836,0.003791222
设备17,PatchTST,6,0.0029569224,0.0043007066
设备17,PatchTST,12,0.0030117172,0.0051261787
设备17,PatchTST,24,0.0031249637,0.0050498736
设备18,PatchTST,3,0.0029269457,0.0042057335
设备18,PatchTST,6,0.0029617343,0.0042222454
设备18,PatchTST,12,0.002949926,0.0041797333
设备18,PatchTST,24,0.003022423,0.0054286537
设备19,iTransformer,3,0.04541601,0.017231947
设备19,iTransformer,6,0.044874866,0.017706787
设备19,iTransformer,12,0.044982083,0.017593538
设备19,iTransformer,24,0.04446958,0.019004762
设备2,iTransformer,3,0.00939352,0.011948154
设备2,iTransformer,6,0.009450887,0.012275443
设备2,iTransformer,12,0.009452934,0.013293687
设备2,iTransformer,24,0.009677533,0.017110508
设备20,PatchTST,3,0.043778133,0.016404968
设备20,PatchTST,6,0.04397548,0.01714351
设备20,PatchTST,12,0.04398512,0.018413544
设备20,PatchTST,24,0.045787707,0.02154322
设备21,PatchTST,3,0.0025538234,0.0037376094
设备21,PatchTST,6,0.0024731108,0.0038576466
设备21,PatchTST,12,0.002749979,0.0047893394
设备21,PatchTST,24,0.002510414,0.0039055278
设备23,iTransformer,3,0.002466521,0.0042937207
设备23,iTransformer,6,0.0024622388,0.0036584116
设备23,iTransformer,12,0.002464839,0.0033980685
设备23,iTransformer,24,0.0024649855,0.0032660167
设备24,iTransformer,3,0.0024665748,0.004268123
设备24,iTransformer,6,0.002462844,0.0037460728
设备24,iTransformer,12,0.0024668672,0.0035019617
设备24,iTransformer,24,0.0024670546,0.003315219
设备25,iTransformer,3,0.0024673918,0.0043231877
设备25,iTransformer,6,0.002461844,0.0036661879
设备25,iTransformer,12,0.0024669648,0.0035338446
设备25,iTransformer,24,0.002469824,0.003499405
设备26,PatchTST,3,0.0016098936,0.002746476
设备26,PatchTST,6,0.0015339318,0.0024161888
设备26,PatchTST,12,0.0014964272,0.0025367273
设备26,PatchTST,24,0.001617277,0.003808477
设备27,PatchTST,3,0.0019969211,0.0023800605
设备27,PatchTST,6,0.002115044,0.0032226348
设备27,PatchTST,12,0.0020403615,0.0031803814
设备27,PatchTST,24,0.002109387,0.003962329
设备28,PatchTST,3,0.0021600062,0.003162846
设备28,PatchTST,6,0.0020992826,0.00321673
设备28,PatchTST,12,0.001990761,0.0031522592
设备28,PatchTST,24,0.0021589983,0.0050962917
设备29,PatchTST,3,0.0022163577,0.0037065772
设备29,PatchTST,6,0.0019772567,0.0023863348
设备29,PatchTST,12,0.002011877,0.0034179771
设备29,PatchTST,24,0.0021363255,0.0046893754
设备3,iTransformer,3,0.007386003,0.009245576
设备3,iTransformer,6,0.0073773796,0.008409135
设备3,iTransformer,12,0.007417679,0.009158981
设备3,iTransformer,24,0.007405155,0.010891049
设备30,PatchTST,3,0.00203972,0.0026827466
设备30,PatchTST,6,0.0019777615,0.003602144
设备30,PatchTST,12,0.0020975673,0.0038645782
设备30,PatchTST,24,0.0020072833,0.0036842856
设备31,PatchTST,3,0.001981315,0.002250677
设备31,PatchTST,6,0.0019686182,0.002918592
设备31,PatchTST,12,0.0022142811,0.005152219
设备31,PatchTST,24,0.0020662977,0.003434498
设备32,PatchTST,3,0.0021164918,0.0029760841
设备32,PatchTST,6,0.0021071022,0.0035230552
设备32,PatchTST,12,0.002036335,0.0031562
设备32,PatchTST,24,0.002106416,0.004504717
设备33,PatchTST,3,0.002485617,0.0038746367
设备33,PatchTST,6,0.0025684768,0.0038359337
设备33,PatchTST,12,0.002628489,0.0047145006
设备33,PatchTST,24,0.0025818083,0.004915218
设备34,PatchTST,3,0.0021868127,0.0033633946
设备34,PatchTST,6,0.0019879402,0.0027297076
设备34,PatchTST,12,0.002027181,0.0032280288
设备34,PatchTST,24,0.0020252545,0.003489239
设备35,PatchTST,3,0.0025455377,0.0036999024
设备35,PatchTST,6,0.0025585764,0.0037920282
设备35,PatchTST,12,0.002701511,0.0055562803
设备35,PatchTST,24,0.0025299531,0.004055844
设备36,PatchTST,3,0.002640633,0.0034811115
设备36,PatchTST,6,0.002488332,0.003663525
设备36,PatchTST,12,0.0026026415,0.004425663
设备36,PatchTST,24,0.002502908,0.004241474
设备37,PatchTST,3,0.002488005,0.0033083668
设备37,PatchTST,6,0.002459111,0.0035400344
设备37,PatchTST,12,0.002496084,0.003785387
设备37,PatchTST,24,0.0024812338,0.003941099
设备38,PatchTST,3,0.0011048128,0.0017985188
设备38,PatchTST,6,0.0010613804,0.0016870953
设备38,PatchTST,12,0.0010053372,0.0018372987
设备38,PatchTST,24,0.0009967606,0.0017566071
设备39,iTransformer,3,0.07155009,0.021508927
设备39,iTransformer,6,0.07356301,0.023296583
设备39,iTransformer,12,0.076361224,0.028773645
设备39,iTransformer,24,0.086478174,0.04006882
设备4,PatchTST,3,0.0035634453,0.0047781384
设备4,PatchTST,6,0.003728592,0.005582111
设备4,PatchTST,12,0.0035440335,0.0052842135
设备4,PatchTST,24,0.0035542955,0.005638326
设备40,PatchTST,3,0.0049637645,0.005922628
设备40,PatchTST,6,0.005078135,0.00731834
设备40,PatchTST,12,0.0049568657,0.006725406
设备40,PatchTST,24,0.005046998,0.007740209
设备42,iTransformer,3,0.0046457215,0.0071610236
设备42,iTransformer,6,0.004487892,0.0070327315
设备42,iTransformer,12,0.00448983,0.0072025456
设备42,iTransformer,24,0.004797184,0.008709277
设备43,PatchTST,3,0.005081946,0.0070920326
设备43,PatchTST,6,0.0051380247,0.007876473
设备43,PatchTST,12,0.005107442,0.008605706
设备43,PatchTST,24,0.0049253544,0.008722395
设备44,iTransformer,3,0.01525418,0.01710484
设备44,iTransformer,6,0.015117843,0.018211287
设备44,iTransformer,12,0.015197841,0.02017612
设备44,iTransformer,24,0.014759056,0.02537624
设备45,iTransformer,3,0.015255363,0.01714484
设备45,iTransformer,6,0.01511438,0.01820918
设备45,iTransformer,12,0.015193819,0.020140331
设备45,iTransformer,24,0.01479661,0.025748208
设备46,PatchTST,3,0.0031151066,0.0043885093
设备46,PatchTST,6,0.0031379776,0.00474522
设备46,PatchTST,12,0.0030199697,0.004670542
设备46,PatchTST,24,0.0031973126,0.007152555
设备47,PatchTST,3,0.0010407916,0.0015720914
设备47,PatchTST,6,0.0009991395,0.0018762754
设备47,PatchTST,12,0.0010032561,0.0015732042
设备47,PatchTST,24,0.0010205342,0.001962438
设备48,PatchTST,3,0.0009855235,0.0011509425
设备48,PatchTST,6,0.0010063307,0.0018368108
设备48,PatchTST,12,0.0010032859,0.0015791766
设备48,PatchTST,24,0.0010242432,0.0018997465
设备49,iTransformer,3,0.022554955,0.020693922
设备49,iTransformer,6,0.02170973,0.019908115
设备49,iTransformer,12,0.021788372,0.021914043
设备49,iTransformer,24,0.021614386,0.022926763
设备5,PatchTST,3,0.003164918,0.0056838347
设备5,PatchTST,6,0.002489666,0.0036155747
设备5,PatchTST,12,0.0025930344,0.004339784
设备5,PatchTST,24,0.00266217,0.0056842845
设备50,iTransformer,3,0.008508523,0.011991457
设备50,iTransformer,6,0.008505722,0.011870171
设备50,iTransformer,12,0.008541553,0.013636065
设备50,iTransformer,24,0.008530659,0.013840726
设备51,iTransformer,3,0.007458108,0.010858788
设备51,iTransformer,6,0.0073893126,0.010316553
设备51,iTransformer,12,0.007549919,0.01254854
设备51,iTransformer,24,0.0075210365,0.013039896
设备52,iTransformer,3,0.044305187,0.032719113
设备52,iTransformer,6,0.04348748,0.032419357
设备52,iTransformer,12,0.044191834,0.034796998
设备52,iTransformer,24,0.043338753,0.03698642
设备53,iTransformer,3,0.014573398,0.019241072
设备53,iTransformer,6,0.014503235,0.019806813
设备53,iTransformer,12,0.014696596,0.02159023
设备53,iTransformer,24,0.014725644,0.024497237
设备54,iTransformer,3,0.012809914,0.01522852
设备54,iTransformer,6,0.012941488,0.016474884
设备54,iTransformer,12,0.012864705,0.016477248
设备54,iTransformer,24,0.01285498,0.019272363
设备55,iTransformer,3,0.01295554,0.016780753
设备55,iTransformer,6,0.012926676,0.016310262
设备55,iTransformer,12,0.012857952,0.016357182
设备55,iTransformer,24,0.012799878,0.019166287
设备56,PatchTST,3,0.00057807803,0.0010342008
设备56,PatchTST,6,0.00060429,0.0013748821
设备56,PatchTST,12,0.0006478137,0.0017753673
设备56,PatchTST,24,0.0005674619,0.0026342145
设备57,iTransformer,3,0.0080731055,0.011054258
设备57,iTransformer,6,0.0077827265,0.011127453
设备57,iTransformer,12,0.0078006135,0.011885686
设备57,iTransformer,24,0.00813093,0.014775215
设备58,PatchTST,3,1.3475503e-06,0.0011608403
设备58,PatchTST,6,3.552657e-07,0.0005960418
设备58,PatchTST,12,7.652429e-08,0.00027663028
设备58,PatchTST,24,2.9223412e-07,0.00054058677
设备6,PatchTST,3,0.0028625904,0.0048772893
设备6,PatchTST,6,0.0024815074,0.0034265597
设备6,PatchTST,12,0.0028302874,0.005911425
设备6,PatchTST,24,0.0026260754,0.0051112813
设备60,PatchTST,3,0.0005330101,0.0016751813
设备60,PatchTST,6,0.0005446027,0.0008411561
设备60,PatchTST,12,0.0005611208,0.0011000551
设备60,PatchTST,24,0.000533146,0.0012306483
设备61,PatchTST,3,0.00051089685,0.0011336965
设备61,PatchTST,6,0.000566868,0.0009202343
设备61,PatchTST,12,0.0006051399,0.0013732302
设备61,PatchTST,24,0.000515757,0.0014448704
设备63,PatchTST,3,0.002004636,0.0038628732
设备63,PatchTST,6,0.0019721484,0.0031523088
设备63,PatchTST,12,0.0020740193,0.0035628744
设备63,PatchTST,24,0.0020239516,0.0033846009
设备64,PatchTST,3,0.001980811,0.0031215611
设备64,PatchTST,6,0.0019905048,0.0031036802
设备64,PatchTST,12,0.0019921383,0.003100956
设备64,PatchTST,24,0.0022170378,0.0057105045
设备65,PatchTST,3,0.0020580736,0.0034287428
设备65,PatchTST,6,0.0020124633,0.0034743478
设备65,PatchTST,12,0.002056239,0.0031268622
设备65,PatchTST,24,0.0020601847,0.0037015732
设备66,PatchTST,3,0.002092544,0.0037852984
设备66,PatchTST,6,0.0019945174,0.0034022157
设备66,PatchTST,12,0.001991861,0.0032631934
设备66,PatchTST,24,0.0020827523,0.0037781037
设备67,PatchTST,3,0.0019765913,0.003503932
设备67,PatchTST,6,0.0020176144,0.003960309
设备67,PatchTST,12,0.002087389,0.0035401369
设备67,PatchTST,24,0.0020613908,0.0038553304
设备69,PatchTST,3,0.0005340696,0.00089565583
设备69,PatchTST,6,0.0006216938,0.0010175442
设备69,PatchTST,12,0.0005854122,0.0010572308
设备69,PatchTST,24,0.0005254117,0.0011569486
设备7,PatchTST,3,0.0018142329,0.004029185
设备7,PatchTST,6,0.0016015959,0.0026651574
设备7,PatchTST,12,0.0013651503,0.0024429741
设备7,PatchTST,24,0.0014737181,0.002954804
设备70,PatchTST,3,0.00051210704,0.0007695412
设备70,PatchTST,6,0.000620771,0.0010682713
设备70,PatchTST,12,0.00058356876,0.0012170726
设备70,PatchTST,24,0.0005179058,0.0014904438
设备71,iTransformer,3,0.02214253,0.024267638
设备71,iTransformer,6,0.021613596,0.025026688
设备71,iTransformer,12,0.021320518,0.025240127
设备71,iTransformer,24,0.020852484,0.026284857
设备72,iTransformer,3,0.022126494,0.024250405
设备72,iTransformer,6,0.02161437,0.025076922
设备72,iTransformer,12,0.021294735,0.025165744
设备72,iTransformer,24,0.020906115,0.026316736
设备73,iTransformer,3,0.021838123,0.023524811
设备73,iTransformer,6,0.02146593,0.024500268
设备73,iTransformer,12,0.021379456,0.025917027
设备73,iTransformer,24,0.021581197,0.029927423
设备74,iTransformer,3,0.021278309,0.022834409
设备74,iTransformer,6,0.020692758,0.023699125
设备74,iTransformer,12,0.021107394,0.027221764
设备74,iTransformer,24,0.020872153,0.02894218
设备75,iTransformer,3,0.06878019,0.045882385
设备75,iTransformer,6,0.071157455,0.051676206
设备75,iTransformer,12,0.07072781,0.05312755
设备75,iTransformer,24,0.06735069,0.049963888
设备76,iTransformer,3,0.020107595,0.02500702
设备76,iTransformer,6,0.020086894,0.026659885
设备76,iTransformer,12,0.019926341,0.026767418
设备76,iTransformer,24,0.019932246,0.032364387
设备78,iTransformer,3,0.001494172,0.0040194285
设备78,iTransformer,6,0.001528105,0.0028381648
设备78,iTransformer,12,0.0015241244,0.0025479433
设备78,iTransformer,24,0.0015326784,0.0023787029
设备79,iTransformer,3,0.013001924,0.014607615
设备79,iTransformer,6,0.012793165,0.014986838
设备79,iTransformer,12,0.012860878,0.016851079
设备79,iTransformer,24,0.013604106,0.023521736
设备8,PatchTST,3,8.6902924e-13,9.322173e-07
设备8,PatchTST,6,4.6002924e-07,0.0006782544
设备8,PatchTST,12,1.554105e-08,0.00012466378
设备8,PatchTST,24,8.9275595e-08,0.00029879023
设备80,iTransformer,3,0.013036105,0.0140991565
设备80,iTransformer,6,0.012754818,0.013933662
设备80,iTransformer,12,0.012818667,0.01526841
设备80,iTransformer,24,0.0127695855,0.01879048
设备81,PatchTST,3,5.5953883e-08,0.0002365457
设备81,PatchTST,6,1.4020226e-06,0.0011840705
设备81,PatchTST,12,1.6979909e-08,0.00013030696
设备81,PatchTST,24,5.933906e-09,7.703186e-05
设备82,PatchTST,3,0.0009999814,0.0022594659
设备82,PatchTST,6,0.0010008842,0.0018797717
设备82,PatchTST,12,0.0010902019,0.0018541324
设备82,PatchTST,24,0.0010630158,0.002382071
设备83,Informer,3,2.3743339,0.5591034
设备83,Informer,6,2.3703818,0.47714806
设备83,Informer,12,2.3733041,0.52135396
设备83,Informer,24,2.3789837,0.45020106
设备85,PatchTST,3,0.0010144782,0.0015626848
设备85,PatchTST,6,0.0010527109,0.0016101766
设备85,PatchTST,12,0.0010330041,0.0018562943
设备85,PatchTST,24,0.0010882139,0.0027264927
设备86,PatchTST,3,0.0009886287,0.0019929379
设备86,PatchTST,6,0.0010419831,0.001717147
设备86,PatchTST,12,0.0010469019,0.0016552141
设备86,PatchTST,24,0.001020484,0.0026094315
设备9,PatchTST,3,1.4037414e-07,0.00037466543
设备9,PatchTST,6,4.7037568e-07,0.00068583933
设备9,PatchTST,12,1.2345251e-07,0.00035135803
设备9,PatchTST,24,5.471728e-09,7.397113e-05