Device,Seq_Len,MSE,MAE,Model
设备28,3,0.0021472646194207736,0.003854666784654852,XGBoost
设备28,6,0.0022136492257544137,0.003940536583974665,XGBoost
设备28,12,0.003790305594792464,0.005993659404239354,XGBoost
设备28,24,0.0023121306682483004,0.004058387200199415,XGBoost
设备26,3,0.0015425373273323072,0.003365096536470465,XGBoost
设备26,6,0.0015803668551285885,0.0034858191665204916,XGBoost
设备26,12,0.0015676733895568268,0.0031747577220129324,XGBoost
设备26,24,0.001545893235556947,0.002869690803413907,XGBoost
设备61,3,0.0009754840936024756,0.0013048678505020413,XGBoost
设备61,6,0.0009430757289369339,0.0012927937864208384,XGBoost
设备61,12,0.000972737553083806,0.0013167327209391785,XGBoost
设备61,24,0.0014253026415460088,0.0018025297881944576,XGBoost
设备27,3,0.002013979221459238,0.003543664810226273,XGBoost
设备27,6,0.0020137334469131304,0.0035292175183570303,XGBoost
设备27,12,0.0028699782864110047,0.00430367346308338,XGBoost
设备27,24,0.0037727204982767664,0.005187277312123826,XGBoost
设备86,3,0.0009826033828891354,0.0021553653943051695,XGBoost
设备86,6,0.000999446612772569,0.002294974639731021,XGBoost
设备86,12,0.001119941027579904,0.0030707050449556984,XGBoost
设备86,24,0.00102025784439342,0.0019659641574933753,XGBoost
设备60,3,0.000544108277122641,0.0011005477653177513,XGBoost
设备60,6,0.0005443355077132344,0.001107836677878296,XGBoost
设备60,12,0.0005447219045490048,0.0011163150264394879,XGBoost
设备60,24,0.0005453781669223808,0.0011240257066217102,XGBoost
设备85,3,0.001000050827326165,0.00243028219715573,XGBoost
设备85,6,0.0018241714029805782,0.0033044514059107385,XGBoost
设备85,12,0.0010070003151606132,0.0023415313890092384,XGBoost
设备85,24,0.001005043399571655,0.0019144682125151816,XGBoost
设备52,3,0.04159944194317143,0.06273997881135364,XGBoost
设备52,6,0.0412878925363133,0.06191447722616003,XGBoost
设备52,12,0.05035799810800254,0.06435030016750316,XGBoost
设备52,24,0.048686490336475416,0.058677927970571524,XGBoost
设备76,3,0.019288244714227232,0.03848314018521252,XGBoost
设备76,6,0.019106397723491236,0.03779019869535285,XGBoost
设备76,12,0.01923988338573339,0.037296769435756376,XGBoost
设备76,24,0.01955434018299272,0.037072739743193965,XGBoost
设备53,3,0.014412310763147057,0.03680477174896051,XGBoost
设备53,6,0.014362504875652864,0.03633141515539119,XGBoost
设备53,12,0.01442657724989321,0.03514164838210925,XGBoost
设备53,24,0.014449853095183844,0.033815551824110224,XGBoost
设备75,3,0.07010197403609454,0.0658479895961089,XGBoost
设备75,6,0.0832474853816126,0.0671239104651499,XGBoost
设备75,12,0.08299029774786508,0.06777728239349316,XGBoost
设备75,24,0.08010748241217983,0.06668733584754945,XGBoost
设备70,3,0.0004906452074712047,0.001296751910396466,XGBoost
设备70,6,0.0004910703357132428,0.001061575255566733,XGBoost
设备70,12,0.0005196372164605179,0.0011956182934191716,XGBoost
设备70,24,0.0006209593681103007,0.001167600206190936,XGBoost
设备73,3,0.024546361913075267,0.03420163371948373,XGBoost
设备73,6,0.023703304949358336,0.033724203329606385,XGBoost
设备73,12,0.027642105057642054,0.03464427438544958,XGBoost
设备73,24,0.028904273904647462,0.03436232270574113,XGBoost
设备46,3,0.0029575582023538983,0.005455955712645808,XGBoost
设备46,6,0.0029192648901030325,0.0051820913408472035,XGBoost
设备46,12,0.002949152616609132,0.00524985437398359,XGBoost
设备46,24,0.0034164980306274776,0.005968274659461622,XGBoost
设备36,3,0.0024748949598395386,0.004663658016240375,XGBoost
设备36,6,0.002475243033135064,0.004668670019429342,XGBoost
设备36,12,0.002914982487577473,0.005102831360750638,XGBoost
设备36,24,0.0028205951289660526,0.0052660643939026735,XGBoost
设备42,3,0.004371322213734932,0.008993722187899992,XGBoost
设备42,6,0.004918914224472818,0.009189339464658178,XGBoost
设备42,12,0.004907492705869439,0.008927205563447511,XGBoost
设备42,24,0.005016285156447357,0.008668712532300546,XGBoost
设备4,3,0.0035306420093638687,0.006567720031080104,XGBoost
设备4,6,0.003528196445309845,0.006456616389629084,XGBoost
设备4,12,0.0036053909859807185,0.006513956828589143,XGBoost
设备4,24,0.0036101046223604998,0.006476827282005691,XGBoost
设备81,3,3.134074118162048e-06,0.001770331640727818,XGBoost
设备81,6,2.4898908263535025e-06,0.0015779387904331088,XGBoost
设备81,12,8.813999561457786e-07,0.0009388290345668793,XGBoost
设备81,24,4.4213620751893057e-07,0.0006649332353845239,XGBoost
设备32,3,0.0019562209891887494,0.0034956836294736905,XGBoost
设备32,6,0.00195726962346965,0.00342781349552074,XGBoost
设备32,12,0.0019798421658689617,0.0034598358255359305,XGBoost
设备32,24,0.002060377285982131,0.003413959274691491,XGBoost
设备39,3,0.07304606775857421,0.0247243738462642,XGBoost
设备39,6,0.07260938963599549,0.02629582591071798,XGBoost
设备39,12,0.09642135327761463,0.031004620970388058,XGBoost
设备39,24,0.1267983822615029,0.03909986353276228,XGBoost
设备5,3,0.002469207778189387,0.00456659944939287,XGBoost
设备5,6,0.002417754367865896,0.004451151251993781,XGBoost
设备5,12,0.0025186042785114867,0.004400767921961117,XGBoost
设备5,24,0.002537860226527833,0.004163914133221906,XGBoost
设备51,3,0.0073215235984743585,0.02037446361969625,XGBoost
设备51,6,0.007243511037929137,0.019397218931037203,XGBoost
设备51,12,0.007284352889348609,0.01890959267039994,XGBoost
设备51,24,0.007355446340756002,0.01784612651509992,XGBoost
设备15,3,1.2448205136800884e-06,0.001115715247578919,XGBoost
设备15,6,1.2672061591181106e-06,0.0011257025180384517,XGBoost
设备15,12,1.3014269289085057e-06,0.001140801003202796,XGBoost
设备15,24,1.0597926698029828e-06,0.0010294623207300901,XGBoost
设备69,3,0.0004927229639085505,0.0012766870072600648,XGBoost
设备69,6,0.0005020434709664189,0.0011522456867204907,XGBoost
设备69,12,0.0005362592203287198,0.0012272756666690933,XGBoost
设备69,24,0.0006031470734909434,0.0011067104935318997,XGBoost
设备6,3,0.0025031171081135108,0.004295306103208204,XGBoost
设备6,6,0.0024808198265535803,0.0041935478762823945,XGBoost
设备6,12,0.002513491041363928,0.003980702237279052,XGBoost
设备6,24,0.0024940091149804433,0.0037473936660479654,XGBoost
设备12,3,0.0022154214146639637,0.0072201346563990285,XGBoost
设备12,6,0.0021077014234706514,0.007142215252365442,XGBoost
设备12,12,0.0023542737408092413,0.006953483970302316,XGBoost
设备12,24,0.0022006815601400376,0.006550007173151129,XGBoost
设备13,3,0.001968427338036888,0.007193405951187562,XGBoost
设备13,6,0.0019705228488164587,0.007300622742075254,XGBoost
设备13,12,0.0019701665462560527,0.0069734398846557,XGBoost
设备13,24,0.001971178248460776,0.006718181216383027,XGBoost
设备50,3,0.008371807694319357,0.021621255448662086,XGBoost
设备50,6,0.008247618635252607,0.020354704855594274,XGBoost
设备50,12,0.00828640251540137,0.01938557127548191,XGBoost
设备50,24,0.008243379325751974,0.018067925250842026,XGBoost
设备30,3,0.0020179318309396814,0.0038266622941983915,XGBoost
设备30,6,0.002013757625971477,0.003727946278077605,XGBoost
设备30,12,0.0020355489306529053,0.0038897452341340568,XGBoost
设备30,24,0.002151399052538599,0.003952237865523928,XGBoost
设备74,3,0.020258125197621043,0.03145405444161878,XGBoost
设备74,6,0.021281632775231214,0.03234494608123878,XGBoost
设备74,12,0.0238024862549801,0.033656633889294386,XGBoost
设备74,24,0.022331490495659,0.03130835521744824,XGBoost
设备56,3,0.0005258980378263299,0.0012457950455880377,XGBoost
设备56,6,0.0005501408245550509,0.0012899356990351853,XGBoost
设备56,12,0.0015129811468212648,0.002166930047000766,XGBoost
设备56,24,0.0014996119147982932,0.00202291696200027,XGBoost
设备29,3,0.0020084897573516987,0.003991844909405268,XGBoost
设备29,6,0.0020094273474429293,0.004003169093402011,XGBoost
设备29,12,0.002012189438462558,0.003913573998888902,XGBoost
设备29,24,0.002040709903826758,0.003937549191853672,XGBoost
设备43,3,0.006148541331053663,0.008335121721919081,XGBoost
设备43,6,0.006229351346919323,0.008449447617064888,XGBoost
设备43,12,0.006239452188712707,0.008718089412147835,XGBoost
设备43,24,0.006610943284740251,0.009093278113119982,XGBoost
设备78,3,0.0014947428874533457,0.007129508945274147,XGBoost
设备78,6,0.001510388331767633,0.0066925008773265,XGBoost
设备78,12,0.0015006491233961242,0.006342258649778175,XGBoost
设备78,24,0.0014983435119209035,0.005227988700758417,XGBoost
设备40,3,0.0048887568245337635,0.006722809170488686,XGBoost
设备40,6,0.004888655258622073,0.006493855106322478,XGBoost
设备40,12,0.004911629752044805,0.006692670827926525,XGBoost
设备40,24,0.00702627833110347,0.008768650114765915,XGBoost
设备0,3,0.07507300875425463,0.06638070235885807,XGBoost
设备0,6,0.07690266745906284,0.0658681613959226,XGBoost
设备0,12,0.08067560675050599,0.06672412799072944,XGBoost
设备0,24,0.08648100879183071,0.0645230749314596,XGBoost
设备63,3,0.0022207633052795826,0.0061209012495535425,XGBoost
设备63,6,0.002038407904110134,0.005328672010720908,XGBoost
设备63,12,0.0021556494721416334,0.005233639828831528,XGBoost
设备63,24,0.0031955988151203944,0.0059250976688142555,XGBoost
设备58,3,6.434171637815629e-06,0.0009489736262026039,XGBoost
设备58,6,1.4126540659893158e-05,0.0007936206376339839,XGBoost
设备58,12,1.7306914152779607e-05,0.0008672901051043148,XGBoost
设备58,24,0.0001900174535870724,0.001026465388396064,XGBoost
设备19,3,0.047321476774604646,0.0314686535116119,XGBoost
设备19,6,0.04502234094337976,0.028880324156260958,XGBoost
设备19,12,0.04498956158278702,0.02871856746702743,XGBoost
设备19,24,0.04495000896921556,0.02845812621819174,XGBoost
设备11,3,0.002934114182962889,0.004658113570613736,XGBoost
设备11,6,0.0029381231458826557,0.00447148333141562,XGBoost
设备11,12,0.0031325853407090237,0.004740966423887389,XGBoost
设备11,24,0.003157880777004313,0.004295495199279728,XGBoost
设备21,3,0.002452318239201261,0.004675342181185512,XGBoost
设备21,6,0.0024545243573438655,0.004689531137381553,XGBoost
设备21,12,0.0024693038128701062,0.004757557217193408,XGBoost
设备21,24,0.0024881347919878684,0.00483506814340424,XGBoost
设备34,3,0.001958000137700011,0.004498907691620689,XGBoost
设备34,6,0.001966991970029718,0.00445719442362258,XGBoost
设备34,12,0.0019820124243145314,0.00447547807273249,XGBoost
设备34,24,0.00198842715486481,0.004513233267962439,XGBoost
设备31,3,0.001955878121353216,0.0037491597273532577,XGBoost
设备31,6,0.0019567210137189013,0.003712801712190769,XGBoost
设备31,12,0.0019662032636014316,0.0036839728503770736,XGBoost
设备31,24,0.0019807059069189364,0.0036887492932386563,XGBoost
设备80,3,0.012752080043434356,0.02624993203714351,XGBoost
设备80,6,0.01234095707081431,0.02553293700558225,XGBoost
设备80,12,0.013289773894524164,0.0266308308386734,XGBoost
设备80,24,0.013431899921205498,0.026114459569915427,XGBoost
设备2,3,0.00991557329209686,0.02010456139166118,XGBoost
设备2,6,0.009573672768377612,0.019421440869907613,XGBoost
设备2,12,0.00987845881479685,0.019841062123811877,XGBoost
设备2,24,0.009963208071283942,0.01832608481222299,XGBoost
设备57,3,0.007988432776980327,0.017465177938042756,XGBoost
设备57,6,0.007600049502810474,0.01681380218954063,XGBoost
设备57,12,0.007515974491260398,0.01671958937185902,XGBoost
设备57,24,0.008151008706019085,0.01566097728472591,XGBoost
设备10,3,0.0029353066176405077,0.004658023201009932,XGBoost
设备10,6,0.002958324815493949,0.004613792752920121,XGBoost
设备10,12,0.0029511366408202103,0.004335059243155704,XGBoost
设备10,24,0.002944284491671553,0.0037459471494678503,XGBoost
设备33,3,0.0024542236373166484,0.0051485762880300115,XGBoost
设备33,6,0.002464289968804732,0.005154214546372019,XGBoost
设备33,12,0.0024969534915077205,0.005560155611089236,XGBoost
设备33,24,0.0028811661925540813,0.006068211052786789,XGBoost
设备71,3,0.02093416017928757,0.030777431497900642,XGBoost
设备71,6,0.021082048496054356,0.031141995686544653,XGBoost
设备71,12,0.021176281550193323,0.030914818867584282,XGBoost
设备71,24,0.021175141767647506,0.029329669640778266,XGBoost
设备14,3,0.1093962937023066,0.08090819750348036,XGBoost
设备14,6,0.10563197048671966,0.08057330977445577,XGBoost
设备14,12,0.10415432781451611,0.08073286751085137,XGBoost
设备14,24,0.10084782067735586,0.07640491100302614,XGBoost
设备55,3,0.011150406631652718,0.029397539344070033,XGBoost
设备55,6,0.011258798436259772,0.02926538048092933,XGBoost
设备55,12,0.011173649758290244,0.028917866754434664,XGBoost
设备55,24,0.011249615189679756,0.027711646709580172,XGBoost
设备1,3,0.001956845576862204,0.0036382935479778882,XGBoost
设备1,6,0.0019628084885375415,0.0036137844493222314,XGBoost
设备1,12,0.0019811283364399297,0.003454590969296038,XGBoost
设备1,24,0.001983692071826511,0.003211021894890511,XGBoost
设备49,3,0.024785102811167407,0.03322663362649494,XGBoost
设备49,6,0.028621374043840186,0.03353301294093185,XGBoost
设备49,12,0.023248707100679906,0.032795356735477496,XGBoost
设备49,24,0.02542517256374829,0.03279513214469644,XGBoost
设备44,3,0.015111737868613853,0.027588403528663003,XGBoost
设备44,6,0.014291790810572799,0.026845229362301968,XGBoost
设备44,12,0.01439791164975408,0.02704899915132732,XGBoost
设备44,24,0.014073142996967587,0.026490718937316117,XGBoost
设备16,3,0.003429875719880686,0.00579945980774267,XGBoost
设备16,6,0.0034501243684643334,0.005807002417699836,XGBoost
设备16,12,0.003453864346728911,0.005829603588877702,XGBoost
设备16,24,0.0034621389968386047,0.005726547510313302,XGBoost
设备25,3,0.002470299437417809,0.009475482437013119,XGBoost
设备25,6,0.0024704162255951203,0.00946018774194789,XGBoost
设备25,12,0.002472748753681811,0.009218335428237258,XGBoost
设备25,24,0.0024794172265847204,0.008968313438918492,XGBoost
设备23,3,0.0024712225001743285,0.00928269242635111,XGBoost
设备23,6,0.002475301109910909,0.00920083324342747,XGBoost
设备23,12,0.0024752046700649466,0.008814677526665529,XGBoost
设备23,24,0.002482287715802396,0.008352027933020877,XGBoost
设备64,3,0.002006598510128318,0.005912922767307181,XGBoost
设备64,6,0.002027278800505883,0.0054962096891055506,XGBoost
设备64,12,0.0020346633509864785,0.005581148617588945,XGBoost
设备64,24,0.002073542800071315,0.005088175657252856,XGBoost
设备45,3,0.014757692268585124,0.029422490512117167,XGBoost
设备45,6,0.014097245433105155,0.028671944224476522,XGBoost
设备45,12,0.014174865414749247,0.02879524899828428,XGBoost
设备45,24,0.013598434655793384,0.02780673221441641,XGBoost
设备54,3,0.00956739633985852,0.023504971730076086,XGBoost
设备54,6,0.009332984594276108,0.023309691537482042,XGBoost
设备54,12,0.009781968249988388,0.02406127268221008,XGBoost
设备54,24,0.010415465836106768,0.023667876339244907,XGBoost
设备48,3,0.000986203497901249,0.0032722084334239707,XGBoost
设备48,6,0.0009866450124861228,0.0032831486671770394,XGBoost
设备48,12,0.0009863949690342695,0.0031668172196666435,XGBoost
设备48,24,0.0009877158751905198,0.003046851230200658,XGBoost
设备72,3,0.020367278868549228,0.03117233591399711,XGBoost
设备72,6,0.020544080644558222,0.03143988144492694,XGBoost
设备72,12,0.02079447620447916,0.03133964317002575,XGBoost
设备72,24,0.021174317518340514,0.029905736288568095,XGBoost
设备37,3,0.0024148502069425946,0.005353915207599058,XGBoost
设备37,6,0.0024344567925380246,0.005191036263268496,XGBoost
设备37,12,0.0024367741833618696,0.005339725466825108,XGBoost
设备37,24,0.0025034010839444466,0.005256593731528858,XGBoost
设备24,3,0.0024670556392416697,0.009009837453097967,XGBoost
设备24,6,0.002477812965159822,0.008755499027628342,XGBoost
设备24,12,0.0028198332819977276,0.009151976383389387,XGBoost
设备24,24,0.00247394847309579,0.008429378671008977,XGBoost
设备7,3,0.0010302543399915696,0.007747600220795401,XGBoost
设备7,6,0.0009609521710981466,0.0071626349683284905,XGBoost
设备7,12,0.0009609031485565551,0.006765857821923295,XGBoost
设备7,24,0.0013391737046600989,0.006353997860299624,XGBoost
设备3,3,0.0077795437986947925,0.014909296438448398,XGBoost
设备3,6,0.007372408494748547,0.013934004825868589,XGBoost
设备3,12,0.0075020140516873545,0.01419891196665276,XGBoost
设备3,24,0.007442622280960106,0.013957049361199564,XGBoost
设备18,3,0.0029080607371542696,0.006906684297663997,XGBoost
设备18,6,0.002909863384533562,0.0068721092155422355,XGBoost
设备18,12,0.0029101339315358334,0.006896281987497178,XGBoost
设备18,24,0.0029371086856735135,0.006635805194093233,XGBoost
设备38,3,0.0010154475153778288,0.006983823931900559,XGBoost
设备38,6,0.0010122935977506576,0.00656224901733153,XGBoost
设备38,12,0.0010021602356923794,0.005863789614936763,XGBoost
设备38,24,0.0010024109462894058,0.005862119345292668,XGBoost
设备65,3,0.0024223410607599857,0.005698640714342478,XGBoost
设备65,6,0.0026352911033231136,0.005748858536118824,XGBoost
设备65,12,0.0025554911248641507,0.005762376747737662,XGBoost
设备65,24,0.0025433538723576613,0.005242309731811885,XGBoost
设备8,3,0.00012566201517727818,0.01120990701019764,XGBoost
设备8,6,9.924634181701641e-05,0.00996224582195282,XGBoost
设备8,12,8.299288027955112e-05,0.009110042825341225,XGBoost
设备8,24,4.1693583166649284e-05,0.006457056850194931,XGBoost
设备47,3,0.0010054040610482228,0.003231752382594561,XGBoost
设备47,6,0.0009975375843340904,0.003053599878844312,XGBoost
设备47,12,0.0014694413084349277,0.0035074946750663387,XGBoost
设备47,24,0.001114424676067773,0.003230519928628202,XGBoost
设备20,3,0.043542838277713936,0.017155887961290896,XGBoost
设备20,6,0.043563988137705435,0.017048064843345177,XGBoost
设备20,12,0.0435818277112067,0.016844425275748254,XGBoost
设备20,24,0.04585012014301327,0.018061429809244654,XGBoost
设备9,3,7.565623464595231e-05,0.008698059245944023,XGBoost
设备9,6,4.63746625724746e-05,0.00680989446118474,XGBoost
设备9,12,4.228979534759425e-05,0.006503060460090637,XGBoost
设备9,24,1.928210499472019e-05,0.00439113937318325,XGBoost
设备79,3,0.013091560886512355,0.017189798349152297,XGBoost
设备79,6,0.012720184872059136,0.01686679150215259,XGBoost
设备79,12,0.012807794715313896,0.01726641027277857,XGBoost
设备79,24,0.01389311103436688,0.018638048336332508,XGBoost
设备35,3,0.0024534045287010627,0.0047001665930817196,XGBoost
设备35,6,0.002455818150694202,0.004729185100672219,XGBoost
设备35,12,0.0024728369758421505,0.00482642813009046,XGBoost
设备35,24,0.0024940543900647313,0.004930705498606205,XGBoost
设备82,3,0.0010128742445918743,0.0030661725090284564,XGBoost
设备82,6,0.0009966832109689367,0.0029715896665127766,XGBoost
设备82,12,0.0009925727687394939,0.002547963906904886,XGBoost
设备82,24,0.0009905182416901175,0.0020358991901932764,XGBoost
设备66,3,0.0019861024304687882,0.005527467976357571,XGBoost
设备66,6,0.0020039778723440187,0.005611765152414092,XGBoost
设备66,12,0.002013586956957536,0.005673712807446682,XGBoost
设备66,24,0.00199431110905301,0.005201553001181975,XGBoost
设备67,3,0.0020034945144909617,0.004924534416416663,XGBoost
设备67,6,0.0023257400514465057,0.005184231100800247,XGBoost
设备67,12,0.0020711309689398164,0.004738327349404119,XGBoost
设备67,24,0.001984736379207809,0.0035777892891664335,XGBoost
设备17,3,0.0029175160515694477,0.0064560679587321555,XGBoost
设备17,6,0.003755106479879064,0.007470443610366726,XGBoost
设备17,12,0.0035465845299311087,0.006951196092354932,XGBoost
设备17,24,0.0036340013667391247,0.0066799352886448005,XGBoost
设备83,3,2.5124734988358126,0.479524066690894,XGBoost
设备83,6,2.5271417687402318,0.4930367464674454,XGBoost
设备83,12,2.532548732426552,0.4885779980710758,XGBoost
设备83,24,2.5909088835075806,0.49646222460392886,XGBoost
